type,entry_time,entry_price,stop_loss,take_profit,lot_size,duration,direction_mult,exit_price,exit_time,profit
buy,2024.01.10 12:00,144.869,144.8675,144.874,0.02,1,1,144.937,"('2024.01.10 12:30',)",0.938338726481327
buy,2024.01.15 19:30,145.777,145.7755,145.78199999999998,0.02,1,1,145.792,"('2024.01.15 20:00',)",0.20577260755068563
buy,2024.01.17 04:00,147.204,147.20250000000001,147.209,0.02,1,1,147.254,"('2024.01.17 04:30',)",0.6790987002048562
sell,2024.01.23 14:30,147.984,147.9855,147.979,0.02,1,-1,147.92,"('2024.01.23 15:00',)",0.8653326122231122
buy,2024.01.26 19:00,147.932,147.9305,147.93699999999998,0.02,1,1,147.988,"('2024.01.26 19:30',)",0.7568181203882963
sell,2024.01.29 16:30,147.93,147.9315,147.925,0.02,1,-1,147.873,"('2024.01.29 17:00',)",0.7709318131101198
sell,2024.01.30 05:00,147.413,147.4145,147.40800000000002,0.02,1,-1,147.391,"('2024.01.30 05:30',)",0.2985256901713101
sell,2024.02.01 09:30,146.806,146.8075,146.80100000000002,0.02,1,-1,146.653,"('2024.02.01 10:00',)",2.0865580656382074
buy,2024.02.05 13:30,148.435,148.4335,148.44,0.02,1,1,148.445,"('2024.02.05 14:00',)",0.1347300346928614
sell,2024.02.07 02:30,147.848,147.8495,147.84300000000002,0.02,1,-1,147.827,"('2024.02.07 03:00',)",0.2841158922255746
sell,2024.02.07 08:30,148.024,148.0255,148.019,0.02,1,-1,147.805,"('2024.02.07 09:00',)",2.963363891613871
buy,2024.02.07 13:30,148.086,148.08450000000002,148.091,0.02,1,1,148.199,"('2024.02.07 14:00',)",1.524976551798589
buy,2024.02.13 08:30,149.469,149.4675,149.474,0.02,1,1,149.61,"('2024.02.13 09:00',)",1.8849007419292767
buy,2024.02.16 09:30,150.233,150.2315,150.238,0.02,1,1,150.23,"('2024.02.16 10:00',)",-0.039938760567321104
buy,2024.02.20 03:30,150.268,150.2665,150.273,0.02,1,1,150.319,"('2024.02.20 04:00',)",0.6785569355834954
sell,2024.02.21 03:30,149.989,149.9905,149.984,0.02,1,-1,149.974,"('2024.02.21 04:00',)",0.2000346726767944
buy,2024.02.28 08:00,150.594,150.5925,150.599,0.02,1,1,150.677,"('2024.02.28 08:30',)",1.1016943528209135
buy,2024.02.28 15:30,150.711,150.70950000000002,150.716,0.02,1,1,150.704,"('2024.02.28 16:00',)",-0.09289733517365169
sell,2024.02.29 15:00,150.071,150.0725,150.066,0.02,1,-1,149.779,"('2024.02.29 15:30',)",3.8990779748830158
buy,2024.03.04 14:30,150.442,150.44050000000001,150.447,0.02,1,1,150.53,"('2024.03.04 15:00',)",1.1692021523947898
buy,2024.03.05 05:30,150.491,150.48950000000002,150.496,0.02,1,1,150.503,"('2024.03.05 06:00',)",0.1594652598283361
sell,2024.03.07 21:00,148.057,148.05849999999998,148.052,0.02,1,-1,148.002,"('2024.03.07 21:30',)",0.7432331995510655
sell,2024.03.08 18:30,147.177,147.17849999999999,147.172,0.02,1,-1,147.053,"('2024.03.08 19:00',)",1.686466784084585
sell,2024.03.11 16:30,146.991,146.9925,146.98600000000002,0.02,1,-1,146.87,"('2024.03.11 17:00',)",1.6477156669164474
buy,2024.03.15 00:30,148.258,148.25650000000002,148.263,0.02,1,1,148.287,"('2024.03.15 01:00',)",0.3911334102112304
buy,2024.03.15 09:00,148.403,148.4015,148.408,0.02,1,1,148.569,"('2024.03.15 09:30',)",2.234651912579297
buy,2024.03.18 02:00,149.07,149.0685,149.075,0.02,1,1,149.276,"('2024.03.18 02:30',)",2.759988209759335
buy,2024.03.18 14:00,149.113,149.1115,149.118,0.02,1,1,149.176,"('2024.03.18 14:30',)",0.8446398884537484
buy,2024.03.26 19:00,151.492,151.4905,151.49699999999999,0.02,1,1,151.562,"('2024.03.26 19:30',)",0.9237143875116665
buy,2024.03.27 06:30,151.687,151.68550000000002,151.692,0.02,1,1,151.752,"('2024.03.27 07:00',)",0.856660867731532
buy,2024.03.28 10:30,151.425,151.42350000000002,151.43,0.02,1,1,151.433,"('2024.03.28 11:00',)",0.10565728738097185
sell,2024.03.29 14:00,151.327,151.3285,151.322,0.02,1,-1,151.227,"('2024.03.29 14:30',)",1.322515159329939
buy,2024.04.02 03:00,151.662,151.6605,151.667,0.02,1,1,151.682,"('2024.04.02 03:30',)",0.2637096029849529
buy,2024.04.02 06:00,151.732,151.7305,151.737,0.02,1,1,151.759,"('2024.04.02 06:30',)",0.3558273314925219
buy,2024.04.03 14:00,151.714,151.7125,151.719,0.02,1,1,151.772,"('2024.04.03 14:30',)",0.7643043512636418
buy,2024.04.04 14:00,151.71,151.70850000000002,151.715,0.02,1,1,151.742,"('2024.04.04 14:30',)",0.4217685281594057
buy,2024.04.08 02:30,151.679,151.6775,151.684,0.02,1,1,151.715,"('2024.04.08 03:00',)",0.4745740368454189
buy,2024.04.08 13:30,151.851,151.8495,151.856,0.02,1,1,151.904,"('2024.04.08 14:00',)",0.6978091426163534
buy,2024.04.09 03:30,151.905,151.9035,151.91,0.02,1,1,151.896,"('2024.04.09 04:00',)",-0.11850213303858631
buy,2024.04.09 09:30,151.912,151.9105,151.917,0.02,1,1,151.892,"('2024.04.09 10:00',)",-0.2633450082955025
buy,2024.04.16 03:00,154.287,154.2855,154.292,0.02,2,1,154.374,"('2024.04.16 04:00',)",1.127132807337882
buy,2024.04.25 20:00,155.572,155.5705,155.577,0.02,1,1,155.564,"('2024.04.25 20:30',)",-0.10285155948689642
buy,2024.04.26 06:00,155.85,155.8485,155.855,0.02,1,1,155.939,"('2024.04.26 06:30',)",1.1414719858405997
buy,2024.04.30 08:30,156.825,156.8235,156.82999999999998,0.02,1,1,156.82,"('2024.04.30 09:00',)",-0.06376737661006826
sell,2024.05.03 11:00,153.24,153.2415,153.235,0.02,1,-1,153.193,"('2024.05.03 11:30',)",0.6136050602833947
sell,2024.05.03 15:00,153.212,153.21349999999998,153.207,0.02,1,-1,152.199,"('2024.05.03 15:30',)",13.311519786594877
buy,2024.05.07 04:00,154.337,154.3355,154.34199999999998,0.02,1,1,154.355,"('2024.05.07 04:30',)",0.23322859641735846
buy,2024.05.07 20:00,154.596,154.5945,154.601,0.02,1,1,154.648,"('2024.05.07 20:30',)",0.6724949562877308
buy,2024.05.08 03:00,154.731,154.7295,154.736,0.02,1,1,154.892,"('2024.05.08 03:30',)",2.0788678563128036
buy,2024.05.10 16:30,155.631,155.6295,155.636,0.02,1,1,155.834,"('2024.05.10 17:00',)",2.60533644775855
buy,2024.05.10 20:30,155.837,155.8355,155.84199999999998,0.02,1,1,155.863,"('2024.05.10 21:00',)",0.33362632568358697
buy,2024.05.15 00:30,156.409,156.4075,156.414,0.02,1,1,156.442,"('2024.05.15 01:00',)",0.4218815919000711
buy,2024.05.20 07:00,155.691,155.6895,155.696,0.02,1,1,155.765,"('2024.05.20 07:30',)",0.9501492633131173
sell,2024.05.21 23:30,156.148,156.1495,156.143,0.02,2,-1,156.139,"('2024.05.22 00:30',)",0.1152818962589248
buy,2024.05.22 03:30,156.273,156.2715,156.278,0.02,1,1,156.303,"('2024.05.22 04:00',)",0.38386979136678295
buy,2024.05.22 05:00,156.251,156.2495,156.256,0.02,1,1,156.298,"('2024.05.22 05:30',)",0.6014152452366255
buy,2024.05.22 09:00,156.43,156.4285,156.435,0.02,1,1,156.373,"('2024.05.22 09:30',)",-0.7290261106459092
buy,2024.05.23 23:00,156.918,156.9165,156.923,0.02,1,1,156.898,"('2024.05.23 23:30',)",-0.2549427016279396
buy,2024.05.28 11:30,156.868,156.8665,156.873,0.02,1,1,156.98,"('2024.05.28 12:00',)",1.4269333673078708
buy,2024.05.31 21:30,157.266,157.2645,157.271,0.02,1,1,157.305,"('2024.05.31 22:00',)",0.49585200724726725
buy,2024.06.05 16:30,155.791,155.7895,155.796,0.02,1,1,156.322,"('2024.06.05 17:00',)",6.793669477105025
sell,2024.06.07 08:30,155.511,155.5125,155.506,0.02,1,-1,155.172,"('2024.06.07 09:00',)",4.369344984919942
sell,2024.06.12 04:00,157.13,157.1315,157.125,0.02,1,-1,157.137,"('2024.06.12 04:30',)",-0.0890942298759045
sell,2024.06.18 23:30,157.847,157.8485,157.842,0.02,1,-1,157.855,"('2024.06.19 00:00',)",-0.10135884197499422
sell,2024.06.19 03:30,157.878,157.87949999999998,157.873,0.02,1,-1,157.854,"('2024.06.19 04:00',)",0.3040784522403295
buy,2024.06.19 19:30,157.933,157.9315,157.938,0.02,1,1,157.929,"('2024.06.19 20:00',)",-0.050655674385206996
buy,2024.06.20 02:30,157.955,157.95350000000002,157.96,0.02,1,1,158.05,"('2024.06.20 03:00',)",1.2021512179689828
buy,2024.06.21 08:00,158.91,158.9085,158.915,0.02,1,1,158.949,"('2024.06.21 08:30',)",0.49072343959402936
buy,2024.06.24 06:00,159.663,159.66150000000002,159.668,0.02,1,1,159.7,"('2024.06.24 06:30',)",0.4633688165307166
sell,2024.06.27 11:30,160.555,160.5565,160.55,0.02,1,-1,160.496,"('2024.06.27 12:00',)",0.7352208154720055
sell,2024.06.27 15:00,160.436,160.4375,160.431,0.02,1,-1,160.397,"('2024.06.27 15:30',)",0.48629338453980675
buy,2024.06.28 21:30,160.806,160.80450000000002,160.811,0.02,1,1,160.816,"('2024.06.28 22:00',)",0.12436573475264781
buy,2024.07.02 04:00,161.616,161.61450000000002,161.621,0.02,1,1,161.638,"('2024.07.02 04:30',)",0.27221321718892044
sell,2024.07.04 02:30,161.586,161.5875,161.58100000000002,0.02,1,-1,161.552,"('2024.07.04 03:00',)",0.4209171040905744
buy,2024.07.10 03:00,161.39,161.3885,161.39499999999998,0.02,1,1,161.464,"('2024.07.10 03:30',)",0.9166129911313021
buy,2024.07.10 16:00,161.527,161.5255,161.53199999999998,0.02,1,1,161.601,"('2024.07.10 16:30',)",0.9158359168571021
sell,2024.07.12 10:30,159.215,159.2165,159.21,0.02,1,-1,159.176,"('2024.07.12 11:00',)",0.49002362165170243
sell,2024.07.15 20:30,157.922,157.9235,157.917,0.02,1,-1,157.855,"('2024.07.15 21:00',)",0.8488803015426472
sell,2024.07.17 23:30,156.203,156.2045,156.198,0.02,1,-1,156.178,"('2024.07.18 00:00',)",0.32014752397912233
buy,2024.07.19 03:00,157.342,157.34050000000002,157.347,0.02,1,1,157.214,"('2024.07.19 03:30',)",-1.6283537089573998
sell,2024.07.24 03:30,155.826,155.8275,155.821,0.02,1,-1,155.435,"('2024.07.24 04:00',)",5.031041914626579
buy,2024.07.29 14:00,153.792,153.7905,153.797,0.02,1,1,153.829,"('2024.07.29 14:30',)",0.4810536374806589
buy,2024.07.30 03:00,153.881,153.8795,153.886,0.02,1,1,153.962,"('2024.07.30 03:30',)",1.0522076876110842
sell,2024.07.31 07:00,152.775,152.7765,152.77,0.02,1,-1,152.551,"('2024.07.31 07:30',)",2.936722800899607
sell,2024.07.31 21:00,150.758,150.7595,150.75300000000001,0.02,1,-1,150.448,"('2024.07.31 21:30',)",4.121025204721927
buy,2024.08.06 05:00,144.945,144.9435,144.95,0.02,1,1,145.306,"('2024.08.06 05:30',)",4.968824411930937
buy,2024.08.07 17:30,147.273,147.2715,147.278,0.02,1,1,147.456,"('2024.08.07 18:00',)",2.4820963541665684
buy,2024.08.09 05:00,147.166,147.1645,147.171,0.02,1,1,147.49,"('2024.08.09 05:30',)",4.3935182046242085
buy,2024.08.15 03:30,147.227,147.2255,147.232,0.02,1,1,147.392,"('2024.08.15 04:00',)",2.2389274858878645
sell,2024.08.19 13:30,146.348,146.3495,146.34300000000002,0.02,1,-1,146.168,"('2024.08.19 14:00',)",2.4629193804390406
buy,2024.08.20 01:00,146.565,146.5635,146.57,0.02,1,1,146.63,"('2024.08.20 01:30',)",0.8865852826842765
sell,2024.08.21 04:30,145.407,145.4085,145.40200000000002,0.02,1,-1,145.313,"('2024.08.21 05:00',)",1.2937589892166914
sell,2024.08.26 08:30,144.054,144.0555,144.049,0.02,1,-1,143.867,"('2024.08.26 09:00',)",2.5996232631529375
buy,2024.08.27 09:30,144.826,144.8245,144.831,0.02,1,1,145.067,"('2024.08.27 10:00',)",3.322602659460992
buy,2024.08.28 18:30,144.47,144.4685,144.475,0.02,1,1,144.607,"('2024.08.28 19:00',)",1.8947907086102396
buy,2024.08.30 10:30,144.931,144.92950000000002,144.936,0.02,1,1,144.965,"('2024.08.30 11:00',)",0.4690787431447841
buy,2024.09.03 03:00,146.896,146.8945,146.90099999999998,0.02,1,1,147.125,"('2024.09.03 03:30',)",3.1129991503825103
sell,2024.09.03 15:00,146.193,146.1945,146.18800000000002,0.02,1,-1,145.881,"('2024.09.03 15:30',)",4.277459024821764
sell,2024.09.03 19:00,145.764,145.7655,145.75900000000001,0.02,2,-1,145.803,"('2024.09.03 20:00',)",-0.5349684162875561
sell,2024.09.06 02:30,143.385,143.38649999999998,143.38,0.02,1,-1,143.316,"('2024.09.06 03:00',)",0.9629071422589021
buy,2024.09.10 01:30,143.042,143.0405,143.047,0.02,1,1,143.249,"('2024.09.10 02:00',)",2.8900725310472484
sell,2024.09.11 04:00,142.262,142.2635,142.257,0.02,1,-1,141.834,"('2024.09.11 04:30',)",6.035224276266583
buy,2024.09.12 12:00,142.684,142.6825,142.689,0.02,1,1,142.676,"('2024.09.12 12:30',)",-0.11214219630505169
buy,2024.09.18 13:30,141.606,141.6045,141.611,0.02,1,1,141.711,"('2024.09.18 14:00',)",1.4818891970280104
buy,2024.09.20 22:30,143.918,143.9165,143.923,0.02,1,1,143.945,"('2024.09.20 23:00',)",0.3751432838929704
sell,2024.09.25 05:30,143.348,143.3495,143.34300000000002,0.02,1,-1,143.365,"('2024.09.25 06:00',)",-0.23715690719486493
buy,2024.09.26 22:00,144.599,144.5975,144.60399999999998,0.02,1,1,144.661,"('2024.09.26 22:30',)",0.8571764331784216
buy,2024.09.27 00:30,144.79,144.7885,144.795,0.02,1,1,144.92,"('2024.09.27 01:00',)",1.7940932928511657
sell,2024.09.30 13:30,142.602,142.6035,142.597,0.02,1,-1,142.435,"('2024.09.30 14:00',)",2.344929265980996
buy,2024.09.30 14:30,142.557,142.5555,142.56199999999998,0.02,1,1,142.813,"('2024.09.30 15:00',)",3.5851077983096813
buy,2024.09.30 20:30,143.092,143.09050000000002,143.097,0.02,1,1,143.844,"('2024.09.30 21:00',)",10.45577153026864
buy,2024.10.01 05:00,143.874,143.8725,143.879,0.02,1,1,144.008,"('2024.10.01 05:30',)",1.8610077217934358
sell,2024.10.01 18:30,143.671,143.67249999999999,143.666,0.02,1,-1,143.595,"('2024.10.01 19:00',)",1.058532678714348
buy,2024.10.07 00:00,148.76,148.7585,148.765,0.02,2,1,148.904,"('2024.10.07 01:00',)",1.9341320582389387
sell,2024.10.07 18:00,148.094,148.0955,148.089,0.02,1,-1,148.121,"('2024.10.07 18:30',)",-0.3645668068675641
sell,2024.10.08 03:00,147.911,147.9125,147.906,0.02,1,-1,147.821,"('2024.10.08 03:30',)",1.217688961649609
buy,2024.10.09 00:00,148.191,148.1895,148.196,0.02,1,1,148.224,"('2024.10.09 00:30',)",0.44527202072521377
buy,2024.10.09 03:30,148.224,148.2225,148.22899999999998,0.02,1,1,148.267,"('2024.10.09 04:00',)",0.5800346671883341
sell,2024.10.11 07:30,148.713,148.7145,148.708,0.02,1,-1,148.676,"('2024.10.11 08:00',)",0.4977266001238417
buy,2024.10.11 20:00,149.066,149.0645,149.071,0.02,1,1,149.033,"('2024.10.11 20:30',)",-0.44285493816826427
buy,2024.10.17 15:00,149.519,149.5175,149.524,0.02,1,1,149.828,"('2024.10.17 15:30',)",4.124729690044551
sell,2024.10.18 11:00,150.008,150.0095,150.00300000000001,0.02,1,-1,149.918,"('2024.10.18 11:30',)",1.2006563588095283
buy,2024.10.22 09:30,150.829,150.82750000000001,150.834,0.02,1,1,150.927,"('2024.10.22 10:00',)",1.2986410648854714
buy,2024.10.22 16:30,150.916,150.9145,150.921,0.02,1,1,150.976,"('2024.10.22 17:00',)",0.7948283170835401
buy,2024.10.25 17:30,152.029,152.0275,152.034,0.02,1,1,151.993,"('2024.10.25 18:00',)",-0.4737060259354229
sell,2024.10.30 09:30,153.33,153.3315,153.32500000000002,0.02,1,-1,153.04,"('2024.10.30 10:00',)",3.7898588604289136
buy,2024.10.31 02:00,153.231,153.2295,153.236,0.02,1,1,153.53,"('2024.10.31 02:30',)",3.89500423370034
sell,2024.10.31 16:00,152.611,152.61249999999998,152.606,0.02,1,-1,152.583,"('2024.10.31 16:30',)",0.3670133632185969
sell,2024.11.04 09:30,152.175,152.1765,152.17000000000002,0.02,1,-1,152.003,"('2024.11.04 10:00',)",2.2631132280287294
buy,2024.11.05 04:30,152.254,152.2525,152.259,0.02,1,1,152.356,"('2024.11.05 05:00',)",1.338969256215756
buy,2024.11.06 21:30,154.443,154.44150000000002,154.448,0.02,1,1,154.49,"('2024.11.06 22:00',)",0.6084536215935924
buy,2024.11.11 12:00,153.672,153.6705,153.677,0.02,1,1,153.69,"('2024.11.11 12:30',)",0.23423775131759622
buy,2024.11.14 16:30,155.799,155.7975,155.804,0.02,1,1,155.868,"('2024.11.14 17:00',)",0.8853645392253497
buy,2024.11.15 00:30,156.283,156.2815,156.28799999999998,0.02,1,1,156.414,"('2024.11.15 01:00',)",1.6750418760469041
buy,2024.11.15 05:00,156.407,156.40550000000002,156.412,0.02,1,1,156.504,"('2024.11.15 05:30',)",1.239584930736339
sell,2024.11.19 09:30,154.526,154.5275,154.52100000000002,0.02,1,-1,154.19,"('2024.11.19 10:00',)",4.35825929048593
buy,2024.11.20 01:00,154.573,154.57150000000001,154.578,0.02,1,1,154.721,"('2024.11.20 01:30',)",1.913121037221788
buy,2024.11.22 21:00,154.752,154.75050000000002,154.757,0.02,1,1,154.803,"('2024.11.22 21:30',)",0.6589019592641967
buy,2024.11.25 13:00,154.413,154.41150000000002,154.418,0.02,1,1,154.503,"('2024.11.25 13:30',)",1.165025921826437
sell,2024.11.25 18:30,154.293,154.2945,154.288,0.02,1,-1,154.288,"('2024.11.25 19:00',)",0.06481385460950238
sell,2024.11.26 04:00,154.016,154.01749999999998,154.011,0.02,1,-1,153.979,"('2024.11.26 04:30',)",0.4805850148393965
sell,2024.11.26 09:30,154.037,154.0385,154.032,0.02,1,-1,153.863,"('2024.11.26 10:00',)",2.2617523381190616
sell,2024.11.26 11:30,153.925,153.9265,153.92000000000002,0.02,1,-1,153.87,"('2024.11.26 12:00',)",0.7148891921753014
sell,2024.11.29 18:30,150.421,150.42249999999999,150.416,0.02,1,-1,150.016,"('2024.11.29 19:00',)",5.399424061433463
buy,2024.12.04 08:30,150.006,150.0045,150.011,0.02,1,1,150.361,"('2024.12.04 09:00',)",4.721969127632694
buy,2024.12.05 03:30,150.536,150.5345,150.541,0.02,1,1,150.366,"('2024.12.05 04:00',)",-2.2611494619792705
sell,2024.12.05 12:30,150.118,150.1195,150.113,0.02,1,-1,150.212,"('2024.12.05 13:00',)",-1.2515644555693832
sell,2024.12.05 20:30,150.155,150.1565,150.15,0.02,1,-1,150.056,"('2024.12.05 21:00',)",1.3195073839098674
sell,2024.12.06 02:00,150.054,150.0555,150.049,0.02,1,-1,150.113,"('2024.12.06 02:30',)",-0.7860744905504187
sell,2024.12.09 05:30,149.978,149.9795,149.973,0.02,2,-1,149.892,"('2024.12.09 06:30',)",1.147492861527136
buy,2024.12.19 15:30,156.907,156.90550000000002,156.912,0.02,1,1,157.142,"('2024.12.19 16:00',)",2.990925405047476
sell,2024.12.23 03:00,156.634,156.63549999999998,156.629,0.02,1,-1,156.457,"('2024.12.23 03:30',)",2.262602504202337
buy,2024.12.23 19:00,157.087,157.0855,157.09199999999998,0.02,1,1,157.157,"('2024.12.23 19:30',)",0.8908289163068981
buy,2024.12.23 22:00,157.126,157.1245,157.131,0.02,1,1,157.142,"('2024.12.23 22:30',)",0.20363747438611107
buy,2024.12.24 20:30,157.317,157.31550000000001,157.322,0.02,1,1,157.304,"('2024.12.24 21:00',)",-0.16528505314556818
buy,2024.12.30 00:30,157.684,157.6825,157.689,0.02,1,1,157.823,"('2024.12.30 01:00',)",1.761466959822206
buy,2025.01.06 09:30,157.661,157.6595,157.666,0.02,1,1,157.706,"('2025.01.06 10:00',)",0.5706821554029333
buy,2025.01.06 20:30,157.535,157.5335,157.54,0.02,1,1,157.531,"('2025.01.06 21:00',)",-0.0507836552804296
buy,2025.01.07 20:00,157.687,157.68550000000002,157.692,0.02,1,1,157.841,"('2025.01.07 20:30',)",1.9513307695718647
buy,2025.01.08 16:00,158.415,158.4135,158.42,0.02,1,1,158.351,"('2025.01.08 16:30',)",-0.8083308599250141
sell,2025.01.09 10:00,158.114,158.1155,158.109,0.02,1,-1,158.132,"('2025.01.09 10:30',)",-0.2276579060531794
sell,2025.01.09 20:00,158.11,158.1115,158.10500000000002,0.02,1,-1,158.074,"('2025.01.09 20:30',)",0.4554828751091433
buy,2025.01.14 07:00,157.707,157.7055,157.712,0.02,1,1,157.58,"('2025.01.14 07:30',)",-1.6118796801622175
buy,2025.01.24 19:00,155.657,155.65550000000002,155.662,0.02,1,1,155.745,"('2025.01.24 19:30',)",1.1300523291276618
buy,2025.02.03 08:30,155.38,155.3785,155.385,0.02,1,1,155.536,"('2025.02.03 09:00',)",2.005966464355595
buy,2025.02.04 11:30,155.341,155.33950000000002,155.346,0.02,1,1,155.249,"('2025.02.04 12:00',)",-1.1851928192775856
sell,2025.02.05 16:00,153.003,153.00449999999998,152.998,0.02,1,-1,152.775,"('2025.02.05 16:30',)",2.984781541482313
buy,2025.02.07 11:30,151.82,151.8185,151.825,0.02,1,1,152.089,"('2025.02.07 12:00',)",3.5374024419912744
buy,2025.02.10 06:30,151.905,151.9035,151.91,0.02,1,1,151.947,"('2025.02.10 07:00',)",0.552824340065965
buy,2025.02.10 08:30,151.892,151.8905,151.897,0.02,1,1,152.073,"('2025.02.10 09:00',)",2.3804357117964607
buy,2025.02.11 05:00,152.022,152.0205,152.027,0.02,1,1,151.983,"('2025.02.11 05:30',)",-0.5132152938155882
buy,2025.02.11 21:30,152.489,152.4875,152.494,0.02,1,1,152.525,"('2025.02.11 22:00',)",0.47205376167843127
sell,2025.02.14 11:00,152.624,152.6255,152.619,0.02,1,-1,152.512,"('2025.02.14 11:30',)",1.4687368862777326
sell,2025.02.14 15:00,152.735,152.7365,152.73000000000002,0.02,1,-1,152.178,"('2025.02.14 15:30',)",7.320374824219222
buy,2025.02.18 21:30,151.922,151.9205,151.927,0.02,1,1,152.047,"('2025.02.18 22:00',)",1.6442284293672351
buy,2025.02.19 03:30,152.14,152.1385,152.14499999999998,0.02,1,1,152.113,"('2025.02.19 04:00',)",-0.3549992439829181
sell,2025.02.26 01:00,148.942,148.9435,148.937,0.02,1,-1,149.053,"('2025.02.26 01:30',)",-1.489403098226671
buy,2025.02.27 10:00,149.534,149.5325,149.539,0.02,1,1,149.714,"('2025.02.27 10:30',)",2.404584741574026
sell,2025.03.06 03:00,149.108,149.1095,149.103,0.02,1,-1,148.994,"('2025.03.06 03:30',)",1.530262963609331
sell,2025.03.07 17:30,147.519,147.5205,147.514,0.02,1,-1,147.304,"('2025.03.07 18:00',)",2.9191332210938388
sell,2025.03.11 06:00,147.111,147.11249999999998,147.106,0.02,1,-1,146.972,"('2025.03.11 06:30',)",1.891516751489829
buy,2025.03.11 14:30,147.769,147.7675,147.774,0.02,1,1,147.84,"('2025.03.11 15:00',)",0.9604978354978078
buy,2025.03.19 14:30,149.793,149.7915,149.798,0.02,1,1,149.906,"('2025.03.19 15:00',)",1.5076114365002007
sell,2025.03.20 11:30,148.744,148.7455,148.739,0.02,1,-1,148.485,"('2025.03.20 12:00',)",3.48856786880811
buy,2025.03.20 20:30,148.803,148.8015,148.808,0.02,1,1,148.77,"('2025.03.20 21:00',)",-0.4436378302075289
buy,2025.03.21 21:00,149.214,149.2125,149.219,0.02,1,1,149.336,"('2025.03.21 21:30',)",1.6338993946538556
buy,2025.03.26 04:00,150.134,150.1325,150.13899999999998,0.02,1,1,150.253,"('2025.03.26 04:30',)",1.5839949951082481
buy,2025.03.31 18:00,149.746,149.74450000000002,149.751,0.02,1,1,149.901,"('2025.03.31 18:30',)",2.0680315675012326
buy,2025.04.01 01:30,149.885,149.8835,149.89,0.02,1,1,150.042,"('2025.04.01 02:00',)",2.0927473640715357
buy,2025.04.07 14:30,146.371,146.36950000000002,146.376,0.02,1,1,146.941,"('2025.04.07 15:00',)",7.758215882565018
buy,2025.04.07 22:30,147.929,147.9275,147.934,0.02,1,1,147.889,"('2025.04.07 23:00',)",-0.540946250228104
buy,2025.04.08 00:30,147.697,147.6955,147.702,0.02,1,1,148.065,"('2025.04.08 01:00',)",4.970789855806504
sell,2025.04.11 09:30,143.883,143.8845,143.87800000000001,0.02,1,-1,142.982,"('2025.04.11 10:00',)",12.602984991117909
buy,2025.04.11 23:30,143.443,143.44150000000002,143.448,0.02,1,1,143.848,"('2025.04.14 00:00',)",5.630943773983666
sell,2025.04.15 14:30,142.89,142.89149999999998,142.885,0.02,1,-1,142.652,"('2025.04.15 15:00',)",3.336791632784673
buy,2025.04.17 10:00,142.81,142.8085,142.815,0.02,1,1,142.885,"('2025.04.17 10:30',)",1.0497952899183067
sell,2025.04.21 23:30,140.814,140.8155,140.809,0.02,1,-1,140.832,"('2025.04.22 00:00',)",-0.2556237218814003
buy,2025.04.25 22:30,143.638,143.6365,143.643,0.02,1,1,143.697,"('2025.04.25 23:00',)",0.8211723278843329
buy,2025.04.28 04:00,143.585,143.58350000000002,143.59,0.02,1,1,143.704,"('2025.04.28 04:30',)",1.656182152201745
sell,2025.04.28 14:00,143.485,143.4865,143.48000000000002,0.02,1,-1,143.364,"('2025.04.28 14:30',)",1.6880109371949628
buy,2025.04.30 22:00,142.768,142.7665,142.773,0.02,1,1,142.901,"('2025.04.30 22:30',)",1.8614285414379153
buy,2025.05.01 03:30,142.996,142.99450000000002,143.001,0.02,1,1,143.043,"('2025.05.01 04:00',)",0.6571450542843347
buy,2025.05.01 06:00,143.487,143.4855,143.492,0.02,1,1,143.68,"('2025.05.01 06:30',)",2.686525612472328
sell,2025.05.05 03:30,144.63,144.6315,144.625,0.02,1,-1,144.136,"('2025.05.05 04:00',)",6.854637287006713
sell,2025.05.06 04:30,144.039,144.04049999999998,144.034,0.02,1,-1,143.724,"('2025.05.06 05:00',)",4.383401519579162
sell,2025.05.06 09:30,143.684,143.6855,143.679,0.02,1,-1,143.423,"('2025.05.06 10:00',)",3.6395836093234095
buy,2025.05.07 13:30,143.243,143.2415,143.248,0.02,1,1,143.279,"('2025.05.07 14:00',)",0.5025160700451757
buy,2025.05.12 09:30,146.11,146.10850000000002,146.115,0.02,1,1,147.572,"('2025.05.12 10:00',)",19.81405686715622
sell,2025.05.13 17:30,147.829,147.8305,147.824,0.02,2,-1,147.744,"('2025.05.13 18:30',)",1.1506389430367119
buy,2025.05.16 22:00,145.858,145.8565,145.863,0.02,1,1,145.951,"('2025.05.16 22:30',)",1.2744003124334784
sell,2025.05.20 16:30,144.841,144.8425,144.836,0.02,1,-1,144.591,"('2025.05.20 17:00',)",3.4580298912103795
sell,2025.05.21 17:00,143.792,143.7935,143.787,0.02,1,-1,143.662,"('2025.05.21 17:30',)",1.8098035667051195
sell,2025.05.22 14:00,143.578,143.5795,143.573,0.02,1,-1,143.353,"('2025.05.22 14:30',)",3.1391041694278363
buy,2025.05.26 11:30,142.887,142.8855,142.892,0.02,1,1,142.934,"('2025.05.26 12:00',)",0.6576461863517015
buy,2025.05.28 17:30,144.84,144.8385,144.845,0.02,1,1,144.917,"('2025.05.28 18:00',)",1.0626772566365323
sell,2025.05.30 12:30,144.034,144.03549999999998,144.029,0.02,1,-1,143.906,"('2025.05.30 13:00',)",1.7789390296441552
sell,2025.05.30 14:30,143.839,143.8405,143.834,0.02,1,-1,143.579,"('2025.05.30 15:00',)",3.6216995521627937
sell,2025.05.30 23:30,144.007,144.0085,144.002,0.02,1,-1,143.841,"('2025.06.02 00:00',)",2.3081040871517406
sell,2025.06.02 21:00,142.918,142.9195,142.913,0.02,1,-1,142.807,"('2025.06.02 21:30',)",1.554545645521836
buy,2025.06.10 09:30,144.58,144.57850000000002,144.585,0.02,1,1,144.733,"('2025.06.10 10:00',)",2.1142379415888786
buy,2025.06.11 00:30,144.796,144.7945,144.801,0.02,1,1,144.861,"('2025.06.11 01:00',)",0.897412001850018
buy,2025.06.11 09:00,145.214,145.2125,145.219,0.02,1,1,145.118,"('2025.06.11 09:30',)",-1.3230612329277367
buy,2025.06.16 04:30,144.339,144.3375,144.344,0.02,1,1,144.409,"('2025.06.16 05:00',)",0.9694686619254088
buy,2025.06.18 00:30,145.166,145.1645,145.171,0.02,1,1,145.261,"('2025.06.18 01:00',)",1.3079904447855775
buy,2025.06.19 12:00,145.341,145.33950000000002,145.346,0.02,1,1,145.429,"('2025.06.19 12:30',)",1.2102125435778812
buy,2025.06.23 03:00,146.438,146.4365,146.44299999999998,0.02,1,1,146.446,"('2025.06.23 03:30',)",0.1092552886389492
sell,2025.06.24 16:00,145.105,145.10649999999998,145.1,0.02,1,-1,145.041,"('2025.06.24 16:30',)",0.8825090836383223
sell,2025.06.25 03:30,144.877,144.8785,144.872,0.02,1,-1,144.865,"('2025.06.25 04:00',)",0.16567148724675324
sell,2025.06.26 23:30,144.347,144.3485,144.342,0.02,1,-1,144.367,"('2025.06.27 00:00',)",-0.2770716299428791
buy,2025.06.27 19:30,144.637,144.6355,144.642,0.02,1,1,144.715,"('2025.06.27 20:00',)",1.0779808589296611
buy,2025.07.02 03:00,143.589,143.5875,143.594,0.02,1,1,143.466,"('2025.07.02 03:30',)",-1.7146919827693035
buy,2025.07.08 12:30,146.222,146.22050000000002,146.227,0.02,1,1,146.293,"('2025.07.08 13:00',)",0.9706547818418919
buy,2025.07.11 15:30,146.964,146.9625,146.969,0.02,1,1,147.0,"('2025.07.11 16:00',)",0.4897959183673655
buy,2025.07.11 19:00,147.372,147.37050000000002,147.377,0.02,1,1,147.36,"('2025.07.11 19:30',)",-0.1628664495114068
buy,2025.07.16 10:00,148.777,148.7755,148.78199999999998,0.02,1,1,148.877,"('2025.07.16 10:30',)",1.3433908528519882
buy,2025.07.17 12:00,148.688,148.6865,148.69299999999998,0.02,1,1,148.744,"('2025.07.17 12:30',)",0.7529715484323616
buy,2025.07.17 14:00,148.73,148.7285,148.73499999999999,0.02,1,1,148.758,"('2025.07.17 14:30',)",0.3764503421667407
sell,2025.07.22 04:30,147.575,147.57649999999998,147.57,0.02,1,-1,147.467,"('2025.07.22 05:00',)",1.464734482968741
buy,2025.07.22 13:00,147.459,147.4575,147.464,0.02,1,1,147.527,"('2025.07.22 13:30',)",0.9218651501078939
sell,2025.07.22 14:00,147.491,147.4925,147.48600000000002,0.02,1,-1,147.189,"('2025.07.22 14:30',)",4.103567522029784
buy,2025.07.24 17:00,146.579,146.57750000000001,146.584,0.02,1,1,146.773,"('2025.07.24 17:30',)",2.643537980418584
buy,2025.07.24 20:30,146.805,146.8035,146.81,0.02,1,1,146.875,"('2025.07.24 21:00',)",0.9531914893616092
buy,2025.07.25 02:30,146.999,146.9975,147.004,0.02,1,1,147.114,"('2025.07.25 03:00',)",1.5634134072897086
buy,2025.07.28 04:00,147.75,147.7485,147.755,0.02,1,1,147.858,"('2025.07.28 04:30',)",1.460861096457467
buy,2025.07.29 13:30,148.535,148.5335,148.54,0.02,1,1,148.584,"('2025.07.29 14:00',)",0.6595595757282964
sell,2025.07.30 11:00,147.997,147.9985,147.99200000000002,0.02,1,-1,147.954,"('2025.07.30 11:30',)",0.5812617435149623
sell,2025.08.04 11:30,147.892,147.8935,147.887,0.02,1,-1,147.762,"('2025.08.04 12:00',)",1.7595863618521062
buy,2025.08.05 18:00,147.415,147.4135,147.42,0.02,1,1,147.494,"('2025.08.05 18:30',)",1.0712300161363544
sell,2025.08.07 14:30,147.303,147.3045,147.298,0.02,1,-1,147.208,"('2025.08.07 15:00',)",1.2906907233302385
buy,2025.08.11 16:00,147.877,147.87550000000002,147.882,0.02,2,1,148.005,"('2025.08.11 17:00',)",1.7296712948884958
buy,2025.08.18 20:00,147.749,147.7475,147.754,0.02,1,1,147.794,"('2025.08.18 20:30',)",0.6089557086216749
sell,2025.08.20 03:30,147.563,147.56449999999998,147.558,0.02,1,-1,147.567,"('2025.08.20 04:00',)",-0.05421266272295431
buy,2025.08.22 03:00,148.365,148.36350000000002,148.37,0.02,1,1,148.467,"('2025.08.22 03:30',)",1.3740427165633287
buy,2025.08.22 10:00,148.453,148.4515,148.458,0.02,1,1,148.596,"('2025.08.22 10:30',)",1.924681687259424
sell,2025.08.25 08:30,147.292,147.2935,147.287,0.02,1,-1,147.164,"('2025.08.25 09:00',)",1.7395558696422269
buy,2025.08.25 17:00,147.408,147.4065,147.41299999999998,0.02,1,1,147.481,"('2025.08.25 17:30',)",0.9899580284919075
sell,2025.09.04 03:30,148.021,148.02249999999998,148.016,0.02,1,-1,147.985,"('2025.09.04 04:00',)",0.48653579754668297
sell,2025.09.05 14:30,148.197,148.1985,148.192,0.02,1,-1,147.926,"('2025.09.05 15:00',)",3.6639941592419865
sell,2025.09.08 17:30,147.748,147.74949999999998,147.743,0.02,1,-1,147.621,"('2025.09.08 18:00',)",1.7206224046711662
buy,2025.09.10 13:00,147.455,147.45350000000002,147.46,0.02,1,1,147.476,"('2025.09.10 13:30',)",0.2847921017655291
buy,2025.09.11 07:30,147.432,147.4305,147.43699999999998,0.02,1,1,147.453,"('2025.09.11 08:00',)",0.2848365241807899
sell,2025.09.15 05:00,147.572,147.5735,147.567,0.02,1,-1,147.515,"('2025.09.15 05:30',)",0.7728027658206471
sell,2025.09.15 19:30,147.336,147.3375,147.33100000000002,0.02,2,-1,147.253,"('2025.09.15 20:30',)",1.1273114978985397
sell,2025.09.15 23:30,147.399,147.4005,147.394,0.02,1,-1,147.329,"('2025.09.16 00:00',)",0.9502541929965339
buy,2025.09.18 06:00,146.976,146.9745,146.981,0.02,1,1,147.051,"('2025.09.18 06:30',)",1.0200542668868438
buy,2025.09.18 14:00,147.282,147.28050000000002,147.287,0.02,1,1,147.383,"('2025.09.18 14:30',)",1.3705786963218158
sell,2025.09.23 03:00,147.731,147.7325,147.726,0.02,1,-1,147.667,"('2025.09.23 03:30',)",0.8668151990626606
sell,2025.09.29 18:00,148.545,148.54649999999998,148.54,0.02,1,-1,148.567,"('2025.09.29 18:30',)",-0.29616267407997443
sell,2025.10.01 19:30,147.16,147.1615,147.155,0.02,1,-1,147.152,"('2025.10.01 20:00',)",0.10873110797012311
sell,2025.10.01 23:30,147.07,147.0715,147.065,0.02,1,-1,147.054,"('2025.10.02 00:00',)",0.21760713751398986
buy,2025.10.07 07:30,150.413,150.41150000000002,150.418,0.02,1,1,150.488,"('2025.10.07 08:00',)",0.9967572165220965
buy,2025.10.09 20:30,153.051,153.0495,153.05599999999998,0.02,1,1,153.075,"('2025.10.09 21:00',)",0.31357177853994334
buy,2025.10.13 21:30,152.286,152.2845,152.291,0.02,1,1,152.276,"('2025.10.13 22:00',)",-0.1313404607422168
sell,2025.10.14 17:30,151.831,151.83249999999998,151.826,0.02,1,-1,151.843,"('2025.10.14 18:00',)",-0.15805799411234572
buy,2025.10.21 17:00,151.629,151.6275,151.634,0.02,1,1,151.868,"('2025.10.21 17:30',)",3.14747017146475
buy,2025.10.22 14:30,151.785,151.7835,151.79,0.02,2,1,151.927,"('2025.10.22 15:30',)",1.869318817589973
buy,2025.10.24 03:30,152.648,152.6465,152.653,0.02,1,1,152.833,"('2025.10.24 04:00',)",2.4209431209228667
buy,2025.10.27 17:00,153.089,153.0875,153.094,0.02,2,1,153.062,"('2025.10.27 18:00',)",-0.3527982124888844
buy,2025.10.27 19:00,153.058,153.0565,153.063,0.02,3,1,152.818,"('2025.10.27 20:30',)",-3.140991244486653
sell,2025.10.28 20:30,152.101,152.1025,152.096,0.02,1,-1,151.998,"('2025.10.28 21:00',)",1.355280990539463
buy,2025.10.29 09:30,152.056,152.05450000000002,152.061,0.02,1,1,152.229,"('2025.10.29 10:00',)",2.2728914989916746
sell,2025.10.29 16:30,152.035,152.0365,152.03,0.02,2,-1,151.911,"('2025.10.29 17:30',)",1.6325348394783161
buy,2025.10.30 05:00,152.914,152.9125,152.91899999999998,0.02,1,1,152.963,"('2025.10.30 05:30',)",0.6406778109739819
buy,2025.11.03 13:30,154.151,154.14950000000002,154.156,0.02,2,1,154.18,"('2025.11.03 14:30',)",0.3761836814112902
buy,2025.11.05 14:00,153.671,153.6695,153.676,0.02,1,1,153.709,"('2025.11.05 14:30',)",0.4944407939679643
buy,2025.11.05 22:30,154.121,154.11950000000002,154.126,0.02,1,1,154.11,"('2025.11.05 23:00',)",-0.14275517487503314
buy,2025.11.07 10:30,153.508,153.50650000000002,153.513,0.02,1,1,153.463,"('2025.11.07 11:00',)",-0.5864605800748834
buy,2025.11.11 08:00,154.22,154.2185,154.225,0.02,1,1,154.195,"('2025.11.11 08:30',)",-0.32426472972542153
buy,2025.11.14 10:30,154.554,154.5525,154.559,0.02,1,1,154.641,"('2025.11.14 11:00',)",1.12518672279653
buy,2025.11.17 07:30,154.689,154.6875,154.694,0.02,1,1,154.729,"('2025.11.17 08:00',)",0.517033006094791
buy,2025.11.17 14:30,154.846,154.8445,154.851,0.02,2,1,154.888,"('2025.11.17 15:30',)",0.5423273591240327
buy,2025.11.18 15:30,155.171,155.1695,155.176,0.02,1,1,155.276,"('2025.11.18 16:00',)",1.3524305108325585
buy,2025.11.20 06:30,157.399,157.3975,157.404,0.02,1,1,157.48,"('2025.11.20 07:00',)",1.0287020574039734
sell,2025.11.21 16:30,156.701,156.7025,156.696,0.02,1,-1,156.416,"('2025.11.21 17:00',)",3.64412847790503
buy,2025.11.26 10:30,156.441,156.4395,156.446,0.02,1,1,156.392,"('2025.11.26 11:00',)",-0.6266305181851577
buy,2025.11.28 02:00,156.322,156.3205,156.327,0.02,1,1,156.449,"('2025.11.28 02:30',)",1.6235322693019392
buy,2025.12.02 09:30,155.764,155.76250000000002,155.769,0.02,1,1,155.949,"('2025.12.02 10:00',)",2.3725705198494667
buy,2025.12.02 18:30,155.92,155.9185,155.92499999999998,0.02,1,1,156.02,"('2025.12.02 19:00',)",1.2818869375723976
sell,2025.12.03 01:00,155.848,155.8495,155.84300000000002,0.02,1,-1,155.764,"('2025.12.03 01:30',)",1.078554736652926
buy,2025.12.08 20:30,155.749,155.7475,155.754,0.02,1,1,155.78,"('2025.12.08 21:00',)",0.39799717550399166
buy,2025.12.09 07:30,155.998,155.9965,156.003,0.02,1,1,156.085,"('2025.12.09 08:00',)",1.114777204728417
buy,2025.12.12 03:30,155.669,155.66750000000002,155.674,0.02,1,1,155.716,"('2025.12.12 04:00',)",0.6036630789385425
buy,2025.12.12 09:30,155.647,155.6455,155.652,0.02,1,1,155.725,"('2025.12.12 10:00',)",1.0017659335367213
buy,2025.12.12 14:00,155.945,155.9435,155.95,0.02,1,1,156.034,"('2025.12.12 14:30',)",1.1407770101387984
sell,2025.12.16 21:00,154.77,154.7715,154.76500000000001,0.02,1,-1,154.665,"('2025.12.16 21:30',)",1.3577732518671735
sell,2025.12.17 02:00,154.808,154.80949999999999,154.803,0.02,1,-1,154.582,"('2025.12.17 02:30',)",2.924014438938545
buy,2025.12.17 20:00,155.619,155.6175,155.624,0.02,1,1,155.64,"('2025.12.17 20:30',)",0.2698535080954329
buy,2025.12.18 02:30,155.48,155.4785,155.48499999999999,0.02,1,1,155.585,"('2025.12.18 03:00',)",1.3497445126460543
buy,2025.12.18 06:30,155.735,155.73350000000002,155.74,0.02,1,1,155.753,"('2025.12.18 07:00',)",0.2311351948273518
buy,2025.12.18 10:30,155.854,155.85250000000002,155.859,0.02,1,1,155.891,"('2025.12.18 11:00',)",0.47469064923539805
sell,2025.12.23 00:00,157.036,157.0375,157.031,0.02,1,-1,157.031,"('2025.12.23 00:30',)",0.0636816934235336
buy,2025.12.30 04:00,156.325,156.3235,156.32999999999998,0.02,1,1,156.308,"('2025.12.30 04:30',)",-0.21751925685180423
sell,2025.12.30 09:00,156.059,156.0605,156.054,0.02,1,-1,155.987,"('2025.12.30 09:30',)",0.9231538525646719
sell,2026.01.06 02:30,156.538,156.5395,156.53300000000002,0.02,1,-1,156.595,"('2026.01.06 03:00',)",-0.7279925923559238
buy,2026.01.06 22:30,156.649,156.6475,156.654,0.02,1,1,156.672,"('2026.01.06 23:00',)",0.2936070261437415
buy,2026.01.08 15:30,156.961,156.95950000000002,156.966,0.02,1,1,157.0,"('2026.01.08 16:00',)",0.4968152866240416
buy,2026.01.12 20:00,158.093,158.0915,158.09799999999998,0.02,1,1,158.132,"('2026.01.12 20:30',)",0.4932587964487351
sell,2026.01.14 23:00,158.541,158.5425,158.536,0.02,1,-1,158.403,"('2026.01.14 23:30',)",1.7423912425901686
buy,2026.01.15 09:30,158.58,158.57850000000002,158.585,0.02,2,1,158.689,"('2026.01.15 10:30',)",1.3737562149862996
sell,2026.01.16 23:30,158.042,158.0435,158.037,0.02,1,-1,157.904,"('2026.01.19 00:00',)",1.7478974566826075
buy,2026.01.19 20:00,158.026,158.02450000000002,158.031,0.02,1,1,158.073,"('2026.01.19 20:30',)",0.5946619599804779
sell,2026.01.20 17:00,158.03,158.0315,158.025,0.02,1,-1,157.925,"('2026.01.20 17:30',)",1.3297451321828688
sell,2026.01.21 12:30,158.022,158.02349999999998,158.017,0.02,1,-1,157.952,"('2026.01.21 13:00',)",0.8863452188005619
buy,2026.01.27 04:30,154.263,154.2615,154.268,0.02,1,1,154.332,"('2026.01.27 05:00',)",0.8941761915868182
sell,2026.01.28 04:00,152.899,152.9005,152.894,0.02,1,-1,152.828,"('2026.01.28 04:30',)",0.9291491088020252
buy,2026.01.29 11:30,153.315,153.3135,153.32,0.02,1,1,153.325,"('2026.01.29 12:00',)",0.1304418718407423
buy,2026.01.30 10:00,153.856,153.8545,153.861,0.02,1,1,153.942,"('2026.01.30 10:30',)",1.1173039196582184
buy,2026.02.04 19:30,156.663,156.66150000000002,156.668,0.02,1,1,156.741,"('2026.02.04 20:00',)",0.9952724558348224
