time,equity,peak,drawdown
"('2025.10.29 03:40',)",102.00000000001978,102.00000000001978,0.0
"('2025.10.29 03:49',)",146.00000000003092,146.00000000003092,0.0
"('2025.10.29 05:32',)",182.0000000000323,182.0000000000323,0.0
"('2025.10.29 08:10',)",204.00000000002365,204.00000000002365,0.0
"('2025.10.29 08:20',)",228.00000000002456,228.00000000002456,0.0
"('2025.10.29 10:30',)",237.0000000000107,237.0000000000107,0.0
"('2025.10.29 12:07',)",262.9999999999927,262.9999999999927,0.0
"('2025.10.29 14:06',)",241.99999999997772,262.9999999999927,-0.07984790874530642
"('2025.10.29 14:57',)",251.99999999996862,262.9999999999927,-0.04182509505712702
"('2025.10.29 21:21',)",225.99999999998658,262.9999999999927,-0.14068441064641507
"('2025.10.29 22:20',)",236.99999999998226,262.9999999999927,-0.09885931558939612
"('2025.10.29 22:26',)",226.99999999999136,262.9999999999927,-0.1368821292775755
"('2025.10.30 02:02',)",311.9999999999993,311.9999999999993,0.0
"('2025.10.30 02:46',)",384.00000000000205,384.00000000000205,0.0
"('2025.10.30 04:31',)",398.00000000001205,398.00000000001205,0.0
"('2025.10.30 09:50',)",418.99999999999864,418.99999999999864,0.0
"('2025.10.30 14:18',)",433.00000000000864,433.00000000000864,0.0
"('2025.10.30 16:53',)",452.0000000000141,452.0000000000141,0.0
"('2025.10.30 18:03',)",468.00000000000523,468.00000000000523,0.0
"('2025.10.30 20:20',)",477.0000000000198,477.0000000000198,0.0
"('2025.10.30 22:37',)",496.00000000002524,496.00000000002524,0.0
"('2025.10.30 22:54',)",492.00000000000614,496.00000000002524,-0.008064516129070354
"('2025.10.31 02:11',)",530.000000000017,530.000000000017,0.0
"('2025.10.31 03:40',)",541.0000000000127,541.0000000000127,0.0
"('2025.10.31 06:37',)",554.9999999999943,554.9999999999943,0.0
"('2025.10.31 09:19',)",543.9999999999986,554.9999999999943,-0.019819819819812238
"('2025.10.31 11:32',)",539.9999999999795,554.9999999999943,-0.027027027027053934
"('2025.10.31 14:13',)",554.9999999999659,554.9999999999943,-5.121028726198973e-14
"('2025.10.31 14:18',)",559.9999999999613,559.9999999999613,0.0
"('2025.10.31 14:59',)",605.9999999999536,605.9999999999536,0.0
"('2025.10.31 15:13',)",600.9999999999297,605.9999999999536,-0.008250825082548279
"('2025.10.31 17:45',)",637.9999999999359,637.9999999999359,0.0
"('2025.10.31 18:45',)",665.9999999999275,665.9999999999275,0.0
"('2025.10.31 19:10',)",676.9999999999231,676.9999999999231,0.0
"('2025.10.31 21:01',)",687.9999999999188,687.9999999999188,0.0
"('2025.11.03 03:05',)",710.999999999915,710.999999999915,0.0
"('2025.11.03 05:37',)",708.9999999999054,710.999999999915,-0.002812939521814049
"('2025.11.03 08:29',)",721.9999999999106,721.9999999999106,0.0
"('2025.11.03 10:11',)",735.9999999998922,735.9999999998922,0.0
"('2025.11.03 14:11',)",747.9999999998927,747.9999999998927,0.0
"('2025.11.03 15:05',)",771.9999999998936,771.9999999998936,0.0
"('2025.11.03 17:26',)",776.999999999889,776.999999999889,0.0
"('2025.11.03 18:14',)",794.9999999998897,794.9999999998897,0.0
"('2025.11.03 18:27',)",811.9999999998856,811.9999999998856,0.0
"('2025.11.03 23:40',)",816.9999999998811,816.9999999998811,0.0
"('2025.11.04 00:22',)",846.9999999998822,846.9999999998822,0.0
"('2025.11.04 05:57',)",852.9999999998824,852.9999999998824,0.0
"('2025.11.04 08:08',)",888.9999999998838,888.9999999998838,0.0
"('2025.11.04 08:44',)",909.9999999998988,909.9999999998988,0.0
"('2025.11.04 08:55',)",925.99999999989,925.99999999989,0.0
"('2025.11.04 10:07',)",949.9999999998909,949.9999999998909,0.0
"('2025.11.04 12:38',)",968.9999999998963,968.9999999998963,0.0
"('2025.11.04 12:45',)",986.999999999897,986.999999999897,0.0
"('2025.11.04 13:28',)",1005.9999999999025,1005.9999999999025,0.0
"('2025.11.04 16:12',)",1045.999999999923,1045.999999999923,0.0
"('2025.11.04 16:36',)",1065.9999999999332,1065.9999999999332,0.0
"('2025.11.04 16:41',)",1080.9999999999195,1080.9999999999195,0.0
"('2025.11.04 17:13',)",1103.9999999999156,1103.9999999999156,0.0
"('2025.11.04 19:41',)",1101.999999999906,1103.9999999999156,-0.0018115942029073393
"('2025.11.04 20:03',)",1114.9999999999113,1114.9999999999113,0.0
"('2025.11.04 20:11',)",1125.999999999907,1125.999999999907,0.0
"('2025.11.05 02:56',)",1141.9999999998981,1141.9999999998981,0.0
"('2025.11.05 04:18',)",1150.9999999998843,1150.9999999998843,0.0
"('2025.11.05 04:41',)",1169.9999999998897,1169.9999999998897,0.0
"('2025.11.05 05:14',)",1187.9999999998904,1187.9999999998904,0.0
"('2025.11.05 05:19',)",1207.9999999999006,1207.9999999999006,0.0
"('2025.11.05 05:41',)",1240.999999999916,1240.999999999916,0.0
"('2025.11.05 08:00',)",1279.9999999999034,1279.9999999999034,0.0
"('2025.11.05 08:57',)",1267.999999999903,1279.9999999999034,-0.009375000000001063
"('2025.11.05 09:49',)",1314.9999999999,1314.9999999999,0.0
"('2025.11.05 11:05',)",1321.999999999905,1321.999999999905,0.0
"('2025.11.05 11:44',)",1343.9999999998963,1343.9999999998963,0.0
"('2025.11.05 16:53',)",1361.999999999897,1361.999999999897,0.0
"('2025.11.05 18:13',)",1354.999999999892,1361.999999999897,-0.005139500734218452
"('2025.11.05 18:37',)",1364.999999999883,1364.999999999883,0.0
"('2025.11.05 19:21',)",1370.9999999998831,1370.9999999998831,0.0
"('2025.11.06 02:03',)",1391.9999999998697,1391.9999999998697,0.0
"('2025.11.06 04:29',)",1418.9999999998565,1418.9999999998565,0.0
"('2025.11.06 05:55',)",1431.9999999998618,1431.9999999998618,0.0
"('2025.11.06 06:15',)",1447.9999999998813,1447.9999999998813,0.0
"('2025.11.06 06:37',)",1471.9999999998822,1471.9999999998822,0.0
"('2025.11.06 10:22',)",1462.999999999896,1471.9999999998822,-0.006114130434773675
"('2025.11.06 13:57',)",1482.9999999999063,1482.9999999999063,0.0
"('2025.11.06 16:02',)",1495.9999999999116,1495.9999999999116,0.0
"('2025.11.06 16:07',)",1514.9999999998886,1514.9999999998886,0.0
"('2025.11.06 18:13',)",1499.9999999999022,1514.9999999998886,-0.009900990099001625
"('2025.11.06 18:56',)",1547.999999999904,1547.999999999904,0.0
"('2025.11.06 19:02',)",1565.9999999999047,1565.9999999999047,0.0
"('2025.11.06 19:11',)",1572.9999999998813,1572.9999999998813,0.0
"('2025.11.06 20:22',)",1594.9999999998727,1594.9999999998727,0.0
"('2025.11.07 00:22',)",1592.9999999998631,1594.9999999998727,-0.001253918495303893
"('2025.11.07 00:44',)",1597.9999999998586,1597.9999999998586,0.0
"('2025.11.07 03:53',)",1610.9999999998638,1610.9999999998638,0.0
"('2025.11.07 03:57',)",1629.9999999998693,1629.9999999998693,0.0
"('2025.11.07 08:58',)",1646.9999999998652,1646.9999999998652,0.0
"('2025.11.07 10:18',)",1657.9999999998608,1657.9999999998608,0.0
"('2025.11.07 11:03',)",1652.9999999998654,1657.9999999998608,-0.0030156815440264607
"('2025.11.07 15:21',)",1627.9999999998597,1657.9999999998608,-0.018094089264175908
"('2025.11.07 17:38',)",1663.999999999861,1663.999999999861,0.0
"('2025.11.07 18:54',)",1674.9999999998568,1674.9999999998568,0.0
"('2025.11.07 19:09',)",1666.999999999847,1674.9999999998568,-0.0047761194029913205
"('2025.11.07 21:12',)",1687.9999999998336,1687.9999999998336,0.0
"('2025.11.07 21:27',)",1701.9999999998436,1701.9999999998436,0.0
"('2025.11.07 23:36',)",1717.9999999998347,1717.9999999998347,0.0
"('2025.11.10 02:18',)",1754.9999999998124,1754.9999999998124,0.0
"('2025.11.10 02:29',)",1764.9999999998033,1764.9999999998033,0.0
"('2025.11.10 03:29',)",1777.9999999998086,1777.9999999998086,0.0
"('2025.11.10 04:45',)",1801.9999999998095,1801.9999999998095,0.0
"('2025.11.10 04:59',)",1814.9999999998147,1814.9999999998147,0.0
"('2025.11.10 06:54',)",1807.9999999998097,1814.9999999998147,-0.003856749311297916
"('2025.11.10 08:02',)",1821.9999999998197,1821.9999999998197,0.0
"('2025.11.10 08:19',)",1831.999999999839,1831.999999999839,0.0
"('2025.11.10 10:00',)",1858.9999999998543,1858.9999999998543,0.0
"('2025.11.10 10:33',)",1873.9999999998406,1873.9999999998406,0.0
"('2025.11.10 10:44',)",1908.9999999998372,1908.9999999998372,0.0
"('2025.11.10 12:51',)",1923.999999999852,1923.999999999852,0.0
"('2025.11.10 14:13',)",1941.9999999998527,1941.9999999998527,0.0
"('2025.11.10 14:59',)",1956.9999999998674,1956.9999999998674,0.0
"('2025.11.10 17:46',)",1969.9999999998727,1969.9999999998727,0.0
"('2025.11.10 19:58',)",1964.9999999998772,1969.9999999998727,-0.0025380710659877034
"('2025.11.11 01:57',)",1986.9999999998686,1986.9999999998686,0.0
"('2025.11.11 02:02',)",1994.9999999998784,1994.9999999998784,0.0
"('2025.11.11 02:59',)",2016.9999999998697,2016.9999999998697,0.0
"('2025.11.11 03:51',)",2038.999999999861,2038.999999999861,0.0
"('2025.11.11 10:38',)",2050.9999999998618,2050.9999999998618,0.0
"('2025.11.11 11:56',)",2045.9999999998379,2050.9999999998618,-0.0024378352023521265
"('2025.11.11 16:01',)",2077.9999999998486,2077.9999999998486,0.0
"('2025.11.11 18:02',)",2101.9999999998495,2101.9999999998495,0.0
"('2025.11.11 18:25',)",2121.99999999986,2121.99999999986,0.0
"('2025.11.11 20:51',)",2119.999999999879,2121.99999999986,-0.0009425070687940776
"('2025.11.11 23:05',)",2111.999999999869,2121.99999999986,-0.0047125353440111055
"('2025.11.11 23:40',)",2127.9999999998886,2127.9999999998886,0.0
"('2025.11.12 01:28',)",2136.999999999903,2136.999999999903,0.0
"('2025.11.12 01:58',)",2148.9999999999036,2148.9999999999036,0.0
"('2025.11.12 02:42',)",2155.99999999988,2155.99999999988,0.0
"('2025.11.12 03:09',)",2171.999999999871,2171.999999999871,0.0
"('2025.11.12 04:05',)",2184.9999999998763,2184.9999999998763,0.0
"('2025.11.12 05:51',)",2193.9999999998627,2193.9999999998627,0.0
"('2025.11.12 09:52',)",2218.999999999868,2218.999999999868,0.0
"('2025.11.12 10:06',)",2231.9999999998736,2231.9999999998736,0.0
"('2025.11.12 10:48',)",2249.9999999998745,2249.9999999998745,0.0
"('2025.11.12 10:55',)",2269.9999999998563,2269.9999999998563,0.0
"('2025.11.12 12:02',)",2295.9999999998668,2295.9999999998668,0.0
"('2025.11.12 12:34',)",2292.9999999998527,2295.9999999998668,-0.001306620209065449
"('2025.11.12 12:55',)",2290.999999999843,2295.9999999998668,-0.0021777003484424813
"('2025.11.12 13:06',)",2300.999999999834,2300.999999999834,0.0
"('2025.11.12 14:48',)",2307.999999999839,2307.999999999839,0.0
"('2025.11.12 14:53',)",2322.9999999998536,2322.9999999998536,0.0
"('2025.11.12 17:23',)",2335.9999999998304,2335.9999999998304,0.0
"('2025.11.12 18:19',)",2340.9999999998545,2340.9999999998545,0.0
"('2025.11.12 19:45',)",2353.9999999998313,2353.9999999998313,0.0
"('2025.11.12 21:54',)",2369.999999999851,2369.999999999851,0.0
"('2025.11.12 22:28',)",2378.999999999837,2378.999999999837,0.0
"('2025.11.13 00:01',)",2441.9999999998254,2441.9999999998254,0.0
"('2025.11.13 03:11',)",2454.999999999831,2454.999999999831,0.0
"('2025.11.13 03:39',)",2464.9999999998504,2464.9999999998504,0.0
"('2025.11.13 06:48',)",2473.9999999998363,2473.9999999998363,0.0
"('2025.11.13 07:26',)",2467.9999999998363,2473.9999999998363,-0.0024252223120454315
"('2025.11.13 12:07',)",2491.999999999837,2491.999999999837,0.0
"('2025.11.13 12:23',)",2504.9999999998427,2504.9999999998427,0.0
"('2025.11.13 12:49',)",2519.999999999829,2519.999999999829,0.0
"('2025.11.13 16:54',)",2545.9999999998395,2545.9999999998395,0.0
"('2025.11.13 16:59',)",2589.999999999822,2589.999999999822,0.0
"('2025.11.13 19:04',)",2612.999999999818,2612.999999999818,0.0
"('2025.11.13 20:06',)",2639.999999999805,2639.999999999805,0.0
"('2025.11.13 20:42',)",2653.999999999815,2653.999999999815,0.0
"('2025.11.13 21:00',)",2675.9999999998063,2675.9999999998063,0.0
"('2025.11.14 04:11',)",2699.999999999807,2699.999999999807,0.0
"('2025.11.14 11:52',)",2724.9999999998126,2724.9999999998126,0.0
"('2025.11.14 12:35',)",2753.999999999809,2753.999999999809,0.0
"('2025.11.14 18:49',)",2774.9999999997954,2774.9999999997954,0.0
"('2025.11.14 20:15',)",2792.9999999997963,2792.9999999997963,0.0
"('2025.11.14 20:54',)",2797.99999999982,2797.99999999982,0.0
"('2025.11.14 21:25',)",2807.9999999998395,2807.9999999998395,0.0
"('2025.11.14 21:48',)",2819.99999999984,2819.99999999984,0.0
"('2025.11.17 00:30',)",2816.999999999854,2819.99999999984,-0.001063829787229104
"('2025.11.17 01:27',)",2840.999999999855,2840.999999999855,0.0
"('2025.11.17 01:46',)",2850.9999999998745,2850.9999999998745,0.0
"('2025.11.17 04:02',)",2859.999999999861,2859.999999999861,0.0
"('2025.11.17 04:12',)",2870.9999999998563,2870.9999999998563,0.0
"('2025.11.17 07:31',)",2867.9999999998704,2870.9999999998563,-0.00104493207940998
"('2025.11.17 07:35',)",2872.999999999866,2872.999999999866,0.0
"('2025.11.17 08:21',)",2884.9999999998663,2884.9999999998663,0.0
"('2025.11.17 08:48',)",2902.999999999867,2902.999999999867,0.0
"('2025.11.17 12:59',)",2922.999999999877,2922.999999999877,0.0
"('2025.11.17 14:22',)",2933.9999999998727,2933.9999999998727,0.0
"('2025.11.17 14:55',)",2945.999999999873,2945.999999999873,0.0
"('2025.11.17 20:14',)",2952.999999999878,2952.999999999878,0.0
"('2025.11.17 20:20',)",2962.999999999869,2962.999999999869,0.0
"('2025.11.17 21:42',)",2986.99999999987,2986.99999999987,0.0
"('2025.11.17 21:55',)",3000.99999999988,3000.99999999988,0.0
"('2025.11.17 22:55',)",3025.9999999998854,3025.9999999998854,0.0
"('2025.11.18 02:32',)",3060.9999999999104,3060.9999999999104,0.0
"('2025.11.18 06:03',)",3065.999999999906,3065.999999999906,0.0
"('2025.11.18 07:12',)",3054.99999999991,3065.999999999906,-0.0035877364644475683
"('2025.11.18 09:02',)",3153.9999999998995,3153.9999999998995,0.0
"('2025.11.18 16:28',)",3161.999999999881,3161.999999999881,0.0
"('2025.11.18 18:37',)",3180.9999999998863,3180.9999999998863,0.0
"('2025.11.18 19:16',)",3238.999999999879,3238.999999999879,0.0
"('2025.11.18 19:39',)",3250.9999999998795,3250.9999999998795,0.0
"('2025.11.18 22:42',)",3261.9999999998754,3261.9999999998754,0.0
"('2025.11.18 23:45',)",3282.9999999998904,3282.9999999998904,0.0
"('2025.11.19 03:02',)",3268.9999999999086,3282.9999999998904,-0.004264392324088418
"('2025.11.19 03:12',)",3279.9999999999045,3282.9999999998904,-0.0009137983551586972
"('2025.11.19 11:28',)",3291.999999999905,3291.999999999905,0.0
"('2025.11.19 11:38',)",3346.9999999998836,3346.9999999998836,0.0
"('2025.11.19 13:47',)",3370.9999999998845,3370.9999999998845,0.0
"('2025.11.19 17:39',)",3394.9999999998854,3394.9999999998854,0.0
"('2025.11.19 23:23',)",3426.9999999998677,3426.9999999998677,0.0
"('2025.11.19 23:42',)",3439.9999999998727,3439.9999999998727,0.0
"('2025.11.20 02:42',)",3454.999999999859,3454.999999999859,0.0
"('2025.11.20 04:07',)",3471.999999999855,3471.999999999855,0.0
"('2025.11.20 05:03',)",3496.999999999861,3496.999999999861,0.0
"('2025.11.20 06:53',)",3520.9999999998618,3520.9999999998618,0.0
"('2025.11.20 10:25',)",3547.999999999877,3547.999999999877,0.0
"('2025.11.20 11:42',)",3539.999999999867,3547.999999999877,-0.002254791431795457
"('2025.11.20 12:34',)",3547.999999999877,3547.999999999877,0.0
"('2025.11.20 14:21',)",3535.9999999998768,3547.999999999877,-0.003382187147689084
"('2025.11.20 15:18',)",3571.999999999878,3571.999999999878,0.0
"('2025.11.20 16:24',)",3611.99999999987,3611.99999999987,0.0
"('2025.11.20 18:43',)",3661.9999999998813,3661.9999999998813,0.0
"('2025.11.20 19:38',)",3715.9999999998836,3715.9999999998836,0.0
"('2025.11.20 20:21',)",3712.999999999869,3715.9999999998836,-0.0008073196986045872
"('2025.11.20 21:18',)",3718.999999999869,3718.999999999869,0.0
"('2025.11.20 23:21',)",3726.999999999879,3726.999999999879,0.0
"('2025.11.21 03:04',)",3763.9999999998568,3763.9999999998568,0.0
"('2025.11.21 05:07',)",3759.9999999998663,3763.9999999998568,-0.001062699256108024
"('2025.11.21 06:23',)",3748.999999999871,3763.9999999998568,-0.0039851222104108595
"('2025.11.21 08:38',)",3770.999999999862,3770.999999999862,0.0
"('2025.11.21 08:47',)",3800.9999999998636,3800.9999999998636,0.0
"('2025.11.21 10:17',)",3827.9999999998504,3827.9999999998504,0.0
"('2025.11.21 10:38',)",3841.9999999998604,3841.9999999998604,0.0
"('2025.11.21 11:05',)",3869.9999999998518,3869.9999999998518,0.0
"('2025.11.21 13:01',)",3882.999999999857,3882.999999999857,0.0
"('2025.11.21 15:17',)",3875.999999999881,3882.999999999857,-0.0018027298480496035
"('2025.11.21 16:34',)",3927.999999999902,3927.999999999902,0.0
"('2025.11.21 17:34',)",3906.9999999998868,3927.999999999902,-0.005346232179230023
"('2025.11.21 17:48',)",3943.9999999998927,3943.9999999998927,0.0
"('2025.11.21 20:14',)",3982.99999999988,3982.99999999988,0.0
"('2025.11.21 22:45',)",4000.999999999881,4000.999999999881,0.0
"('2025.11.24 01:16',)",4010.9999999998718,4010.9999999998718,0.0
"('2025.11.24 01:45',)",4030.9999999998818,4030.9999999998818,0.0
"('2025.11.24 06:48',)",4056.999999999892,4056.999999999892,0.0
"('2025.11.24 08:40',)",4074.9999999998927,4074.9999999998927,0.0
"('2025.11.24 10:46',)",4107.99999999988,4107.99999999988,0.0
"('2025.11.24 14:12',)",4118.999999999875,4118.999999999875,0.0
"('2025.11.24 14:42',)",4141.999999999872,4141.999999999872,0.0
"('2025.11.24 17:51',)",4210.999999999889,4210.999999999889,0.0
"('2025.11.24 18:40',)",4206.99999999987,4210.999999999889,-0.0009498931370266456
"('2025.11.24 18:59',)",4235.999999999866,4235.999999999866,0.0
"('2025.11.24 20:56',)",4270.999999999863,4270.999999999863,0.0
"('2025.11.24 22:27',)",4287.999999999887,4287.999999999887,0.0
"('2025.11.24 23:03',)",4293.999999999887,4293.999999999887,0.0
"('2025.11.24 23:51',)",4299.999999999887,4299.999999999887,0.0
"('2025.11.25 00:25',)",4291.999999999877,4299.999999999887,-0.0018604651162814451
"('2025.11.25 02:25',)",4303.999999999878,4303.999999999878,0.0
"('2025.11.25 02:45',)",4300.999999999864,4303.999999999878,-0.0006970260223082335
"('2025.11.25 17:42',)",4325.999999999869,4325.999999999869,0.0
"('2025.11.25 18:42',)",4332.9999999998745,4332.9999999998745,0.0
"('2025.11.25 19:52',)",4345.99999999988,4345.99999999988,0.0
"('2025.11.25 20:04',)",4374.9999999999045,4374.9999999999045,0.0
"('2025.11.25 22:51',)",4370.999999999914,4374.9999999999045,-0.0009142857142836554
"('2025.11.26 02:50',)",4381.999999999909,4381.999999999909,0.0
"('2025.11.26 02:53',)",4426.999999999925,4426.999999999925,0.0
"('2025.11.26 03:58',)",4449.999999999922,4449.999999999922,0.0
"('2025.11.26 04:06',)",4465.999999999913,4465.999999999913,0.0
"('2025.11.26 04:26',)",4526.999999999891,4526.999999999891,0.0
"('2025.11.26 04:36',)",4590.999999999884,4590.999999999884,0.0
"('2025.11.26 06:49',)",4602.9999999998845,4602.9999999998845,0.0
"('2025.11.26 11:02',)",4614.999999999885,4614.999999999885,0.0
"('2025.11.26 12:32',)",4622.999999999867,4622.999999999867,0.0
"('2025.11.26 16:21',)",4635.999999999873,4635.999999999873,0.0
"('2025.11.26 23:11',)",4640.999999999896,4640.999999999896,0.0
"('2025.11.26 23:27',)",4630.999999999877,4640.999999999896,-0.0021547080370651417
"('2025.11.27 00:22',)",4644.999999999887,4644.999999999887,0.0
"('2025.11.27 13:43',)",4654.999999999906,4654.999999999906,0.0
"('2025.11.27 14:39',)",4666.999999999907,4666.999999999907,0.0
"('2025.11.27 14:59',)",4664.999999999926,4666.999999999907,-0.0004285408185088794
"('2025.11.27 17:26',)",4675.999999999922,4675.999999999922,0.0
"('2025.11.27 17:37',)",4684.999999999936,4684.999999999936,0.0
"('2025.11.27 19:39',)",4694.999999999927,4694.999999999927,0.0
"('2025.11.27 20:39',)",4688.999999999927,4694.999999999927,-0.001277955271565515
"('2025.11.27 22:54',)",4682.999999999927,4694.999999999927,-0.00255591054313103
"('2025.11.28 01:30',)",4693.999999999923,4694.999999999927,-0.00021299254526188773
"('2025.11.28 05:46',)",4726.999999999938,4726.999999999938,0.0
"('2025.11.28 07:23',)",4734.999999999948,4734.999999999948,0.0
"('2025.11.28 07:52',)",4753.999999999925,4753.999999999925,0.0
"('2025.11.28 11:58',)",4782.999999999922,4782.999999999922,0.0
"('2025.11.28 15:07',)",4787.999999999917,4787.999999999917,0.0
"('2025.11.28 15:31',)",4794.999999999922,4794.999999999922,0.0
"('2025.11.28 16:42',)",4819.999999999927,4819.999999999927,0.0
"('2025.11.28 16:47',)",4829.999999999918,4829.999999999918,0.0
"('2025.11.28 18:22',)",4845.999999999909,4845.999999999909,0.0
"('2025.11.28 21:27',)",4855.999999999928,4855.999999999928,0.0
"('2025.12.01 01:27',)",4846.999999999914,4855.999999999928,-0.0018533772652419038
"('2025.12.01 04:34',)",4858.9999999999145,4858.9999999999145,0.0
"('2025.12.01 08:12',)",4881.999999999939,4881.999999999939,0.0
"('2025.12.01 08:21',)",4887.999999999939,4887.999999999939,0.0
"('2025.12.01 08:26',)",4873.999999999957,4887.999999999939,-0.002864157119472583
"('2025.12.01 10:53',)",4893.999999999939,4893.999999999939,0.0
"('2025.12.01 13:09',)",4923.99999999994,4923.99999999994,0.0
"('2025.12.01 15:25',)",4931.999999999922,4931.999999999922,0.0
"('2025.12.01 16:44',)",4943.999999999923,4943.999999999923,0.0
"('2025.12.01 18:04',)",4948.999999999918,4948.999999999918,0.0
"('2025.12.01 19:18',)",4961.999999999924,4961.999999999924,0.0
"('2025.12.01 19:50',)",4978.99999999992,4978.99999999992,0.0
"('2025.12.01 22:26',)",4985.999999999925,4985.999999999925,0.0
"('2025.12.02 02:29',)",5006.999999999912,5006.999999999912,0.0
"('2025.12.02 02:41',)",5001.999999999916,5006.999999999912,-0.0009986019572589455
"('2025.12.02 02:49',)",5011.999999999935,5011.999999999935,0.0
"('2025.12.02 08:21',)",5043.999999999946,5043.999999999946,0.0
"('2025.12.02 08:40',)",5059.999999999965,5059.999999999965,0.0
"('2025.12.02 08:46',)",5073.999999999975,5073.999999999975,0.0
"('2025.12.02 09:22',)",5087.999999999957,5087.999999999957,0.0
"('2025.12.02 09:32',)",5080.999999999953,5087.999999999957,-0.0013757861635229178
"('2025.12.02 10:40',)",5128.9999999999545,5128.9999999999545,0.0
"('2025.12.02 13:43',)",5137.999999999941,5137.999999999941,0.0
"('2025.12.02 14:29',)",5129.999999999931,5137.999999999941,-0.0015570260801888083
"('2025.12.02 14:40',)",5140.999999999926,5140.999999999926,0.0
"('2025.12.02 15:42',)",5165.999999999904,5165.999999999904,0.0
"('2025.12.02 17:23',)",5183.999999999876,5183.999999999876,0.0
"('2025.12.02 17:55',)",5252.9999999998645,5252.9999999998645,0.0
"('2025.12.02 18:10',)",5287.999999999861,5287.999999999861,0.0
"('2025.12.02 18:49',)",5303.999999999852,5303.999999999852,0.0
"('2025.12.02 18:56',)",5313.999999999843,5313.999999999843,0.0
"('2025.12.02 19:01',)",5321.999999999853,5321.999999999853,0.0
"('2025.12.02 20:34',)",5341.999999999863,5341.999999999863,0.0
"('2025.12.02 23:45',)",5348.999999999867,5348.999999999867,0.0
"('2025.12.03 01:11',)",5357.999999999854,5357.999999999854,0.0
"('2025.12.03 08:39',)",5378.999999999869,5378.999999999869,0.0
"('2025.12.03 08:53',)",5390.99999999987,5390.99999999987,0.0
"('2025.12.03 10:01',)",5397.9999999998745,5397.9999999998745,0.0
"('2025.12.03 10:28',)",5412.999999999889,5412.999999999889,0.0
"('2025.12.03 10:46',)",5418.999999999889,5418.999999999889,0.0
"('2025.12.03 11:19',)",5429.999999999913,5429.999999999913,0.0
"('2025.12.03 11:27',)",5441.999999999914,5441.999999999914,0.0
"('2025.12.03 13:20',)",5451.9999999999045,5451.9999999999045,0.0
"('2025.12.03 13:44',)",5444.9999999999,5451.9999999999045,-0.001283932501835046
"('2025.12.03 15:55',)",5489.999999999887,5489.999999999887,0.0
"('2025.12.03 16:56',)",5468.999999999873,5489.999999999887,-0.003825136612024587
"('2025.12.03 22:39',)",5460.999999999891,5489.999999999887,-0.005282331511839155
"('2025.12.03 22:42',)",5472.999999999892,5489.999999999887,-0.003096539162112168
"('2025.12.03 22:59',)",5485.999999999869,5489.999999999887,-0.0007285974499122536
"('2025.12.04 01:01',)",5459.999999999887,5489.999999999887,-0.005464480874317052
"('2025.12.04 01:14',)",5470.999999999883,5489.999999999887,-0.0034608378870682947
"('2025.12.04 02:00',)",5522.999999999875,5522.999999999875,0.0
"('2025.12.04 04:15',)",5537.99999999989,5537.99999999989,0.0
"('2025.12.04 09:22',)",5554.999999999885,5554.999999999885,0.0
"('2025.12.04 09:43',)",5550.9999999998945,5554.999999999885,-0.0007200720071990976
"('2025.12.04 10:45',)",5587.999999999901,5587.999999999901,0.0
"('2025.12.04 17:06',)",5624.999999999907,5624.999999999907,0.0
"('2025.12.04 18:48',)",5639.999999999922,5639.999999999922,0.0
"('2025.12.04 18:54',)",5651.999999999923,5651.999999999923,0.0
"('2025.12.04 19:08',)",5676.999999999928,5676.999999999928,0.0
"('2025.12.04 19:13',)",5689.999999999934,5689.999999999934,0.0
"('2025.12.04 21:50',)",5687.999999999924,5689.999999999934,-0.00035149384885940733
"('2025.12.05 01:09',)",5697.999999999943,5697.999999999943,0.0
"('2025.12.05 02:03',)",5703.999999999943,5703.999999999943,0.0
"('2025.12.05 04:02',)",5712.999999999929,5712.999999999929,0.0
"('2025.12.05 10:52',)",5738.99999999994,5738.99999999994,0.0
"('2025.12.05 10:59',)",5736.999999999931,5738.99999999994,-0.0003484927687766363
"('2025.12.05 12:45',)",5755.999999999936,5755.999999999936,0.0
"('2025.12.05 13:02',)",5735.999999999926,5755.999999999936,-0.003474635163309629
"('2025.12.05 14:11',)",5754.999999999932,5755.999999999936,-0.00017373175816618459
"('2025.12.05 14:31',)",5760.999999999932,5760.999999999932,0.0
"('2025.12.05 15:03',)",5752.999999999922,5760.999999999932,-0.0013886478042024126
"('2025.12.05 17:15',)",5761.999999999908,5761.999999999908,0.0
"('2025.12.05 17:28',)",5779.999999999909,5779.999999999909,0.0
"('2025.12.05 17:49',)",5772.999999999904,5779.999999999909,-0.0012110726643608247
"('2025.12.05 21:01',)",5792.999999999914,5792.999999999914,0.0
"('2025.12.05 21:16',)",5799.999999999918,5799.999999999918,0.0
"('2025.12.05 22:30',)",5797.999999999909,5799.999999999918,-0.0003448275862084695
"('2025.12.05 23:03',)",5806.999999999924,5806.999999999924,0.0
"('2025.12.05 23:51',)",5811.999999999919,5811.999999999919,0.0
"('2025.12.08 01:38',)",5806.999999999895,5811.999999999919,-0.000860289057127274
"('2025.12.08 03:14',)",5827.999999999882,5827.999999999882,0.0
"('2025.12.08 03:50',)",5825.999999999873,5827.999999999882,-0.0003431708991093232
"('2025.12.08 06:09',)",5823.999999999864,5827.999999999882,-0.0006863417982186464
"('2025.12.08 06:51',)",5830.999999999869,5830.999999999869,0.0
"('2025.12.08 07:01',)",5836.999999999869,5836.999999999869,0.0
"('2025.12.08 07:18',)",5850.999999999879,5850.999999999879,0.0
"('2025.12.08 12:27',)",5845.999999999884,5850.999999999879,-0.0008545547769604437
"('2025.12.08 14:07',)",5880.99999999988,5880.99999999988,0.0
"('2025.12.08 14:17',)",5901.999999999866,5901.999999999866,0.0
"('2025.12.08 14:45',)",5916.999999999853,5916.999999999853,0.0
"('2025.12.08 15:06',)",5933.999999999877,5933.999999999877,0.0
"('2025.12.08 15:26',)",5944.999999999873,5944.999999999873,0.0
"('2025.12.08 15:38',)",5954.999999999892,5954.999999999892,0.0
"('2025.12.08 17:00',)",5992.9999999998745,5992.9999999998745,0.0
"('2025.12.08 18:12',)",6007.999999999889,6007.999999999889,0.0
"('2025.12.08 19:39',)",6022.999999999875,6022.999999999875,0.0
"('2025.12.08 20:17',)",6032.999999999866,6032.999999999866,0.0
"('2025.12.08 20:40',)",6043.999999999862,6043.999999999862,0.0
"('2025.12.08 20:43',)",6054.999999999857,6054.999999999857,0.0
"('2025.12.08 21:44',)",6065.999999999853,6065.999999999853,0.0
"('2025.12.09 03:49',)",6079.999999999863,6079.999999999863,0.0
"('2025.12.09 05:44',)",6092.999999999868,6092.999999999868,0.0
"('2025.12.09 07:59',)",6105.999999999845,6105.999999999845,0.0
"('2025.12.09 09:30',)",6102.999999999831,6105.999999999845,-0.0004913200131042626
"('2025.12.09 10:16',)",6130.999999999823,6130.999999999823,0.0
"('2025.12.09 10:24',)",6142.999999999824,6142.999999999824,0.0
"('2025.12.09 11:45',)",6149.999999999829,6149.999999999829,0.0
"('2025.12.09 15:21',)",6157.999999999839,6157.999999999839,0.0
"('2025.12.09 17:01',)",6205.999999999841,6205.999999999841,0.0
"('2025.12.09 23:22',)",6210.999999999836,6210.999999999836,0.0
"('2025.12.10 02:21',)",6223.999999999842,6223.999999999842,0.0
"('2025.12.10 08:32',)",6236.999999999847,6236.999999999847,0.0
"('2025.12.10 11:45',)",6243.999999999853,6243.999999999853,0.0
"('2025.12.10 12:34',)",6269.999999999864,6269.999999999864,0.0
"('2025.12.10 15:00',)",6285.9999999998545,6285.9999999998545,0.0
"('2025.12.10 16:46',)",6310.99999999986,6310.99999999986,0.0
"('2025.12.10 20:01',)",6323.999999999865,6323.999999999865,0.0
"('2025.12.10 21:36',)",6414.999999999845,6414.999999999845,0.0
"('2025.12.10 22:43',)",6442.999999999837,6442.999999999837,0.0
"('2025.12.10 22:46',)",6450.999999999847,6450.999999999847,0.0
"('2025.12.10 23:09',)",6455.999999999843,6455.999999999843,0.0
"('2025.12.10 23:28',)",6465.999999999862,6465.999999999862,0.0
"('2025.12.10 23:45',)",6489.999999999863,6489.999999999863,0.0
"('2025.12.11 07:30',)",6499.999999999854,6499.999999999854,0.0
"('2025.12.11 07:39',)",6507.999999999864,6507.999999999864,0.0
"('2025.12.11 08:10',)",6518.999999999859,6518.999999999859,0.0
"('2025.12.11 11:55',)",6562.99999999987,6562.99999999987,0.0
"('2025.12.11 12:00',)",6568.99999999987,6568.99999999987,0.0
"('2025.12.11 12:20',)",6612.999999999853,6612.999999999853,0.0
"('2025.12.11 12:37',)",6644.999999999864,6644.999999999864,0.0
"('2025.12.11 14:40',)",6678.999999999855,6678.999999999855,0.0
"('2025.12.11 15:03',)",6724.999999999847,6724.999999999847,0.0
"('2025.12.11 16:54',)",6718.999999999847,6724.999999999847,-0.0008921933085502061
"('2025.12.11 18:33',)",6728.999999999838,6728.999999999838,0.0
"('2025.12.12 02:16',)",6738.999999999829,6738.999999999829,0.0
"('2025.12.12 02:24',)",6735.999999999844,6738.999999999829,-0.00044516990651217157
"('2025.12.12 05:15',)",6743.999999999825,6743.999999999825,0.0
"('2025.12.12 05:54',)",6749.999999999825,6749.999999999825,0.0
"('2025.12.12 07:04',)",6761.999999999826,6761.999999999826,0.0
"('2025.12.12 11:12',)",6799.999999999809,6799.999999999809,0.0
"('2025.12.12 11:38',)",6813.999999999791,6813.999999999791,0.0
"('2025.12.12 13:06',)",6825.999999999792,6825.999999999792,0.0
"('2025.12.12 17:04',)",6862.999999999798,6862.999999999798,0.0
"('2025.12.12 18:33',)",6851.999999999803,6862.999999999798,-0.0016027976103738563
"('2025.12.12 20:04',)",6856.999999999798,6862.999999999798,-0.0008742532420224649
"('2025.12.12 21:17',)",6869.999999999804,6869.999999999804,0.0
"('2025.12.15 01:00',)",6877.999999999814,6877.999999999814,0.0
"('2025.12.15 03:20',)",6874.999999999799,6877.999999999814,-0.0004361733061957885
"('2025.12.15 04:37',)",6894.999999999781,6894.999999999781,0.0
"('2025.12.15 08:47',)",6942.999999999783,6942.999999999783,0.0
"('2025.12.15 09:29',)",6950.999999999793,6950.999999999793,0.0
"('2025.12.15 11:01',)",6985.999999999789,6985.999999999789,0.0
"('2025.12.15 12:03',)",6996.999999999784,6996.999999999784,0.0
"('2025.12.15 12:36',)",7003.999999999789,7003.999999999789,0.0
"('2025.12.15 14:36',)",7025.99999999978,7025.99999999978,0.0
"('2025.12.15 17:12',)",7020.999999999784,7025.99999999978,-0.0007116424708220338
"('2025.12.15 17:51',)",7042.9999999998045,7042.9999999998045,0.0
"('2025.12.15 17:55',)",7105.999999999793,7105.999999999793,0.0
"('2025.12.16 02:24',)",7128.999999999789,7128.999999999789,0.0
"('2025.12.16 06:59',)",7135.999999999765,7135.999999999765,0.0
"('2025.12.16 07:55',)",7179.999999999776,7179.999999999776,0.0
"('2025.12.16 08:21',)",7204.999999999782,7204.999999999782,0.0
"('2025.12.16 08:28',)",7220.999999999773,7220.999999999773,0.0
"('2025.12.16 11:00',)",7271.999999999789,7271.999999999789,0.0
"('2025.12.16 11:07',)",7282.999999999784,7282.999999999784,0.0
"('2025.12.16 11:51',)",7277.999999999789,7282.999999999784,-0.0006865302759845669
"('2025.12.16 12:32',)",7316.999999999776,7316.999999999776,0.0
"('2025.12.16 13:00',)",7333.999999999773,7333.999999999773,0.0
"('2025.12.16 15:19',)",7321.999999999772,7333.999999999773,-0.0016362148895556698
"('2025.12.16 15:53',)",7340.999999999777,7340.999999999777,0.0
"('2025.12.16 18:55',)",7359.999999999783,7359.999999999783,0.0
"('2025.12.16 20:27',)",7371.9999999997835,7371.9999999997835,0.0
"('2025.12.16 21:03',)",7386.99999999977,7386.99999999977,0.0
"('2025.12.16 22:36',)",7397.999999999794,7397.999999999794,0.0
"('2025.12.17 03:40',)",7419.999999999785,7419.999999999785,0.0
"('2025.12.17 03:48',)",7430.999999999781,7430.999999999781,0.0
"('2025.12.17 06:23',)",7452.999999999773,7452.999999999773,0.0
"('2025.12.17 06:52',)",7465.999999999778,7465.999999999778,0.0
"('2025.12.17 08:01',)",7461.999999999787,7465.999999999778,-0.0005357621216167994
"('2025.12.17 09:01',)",7483.999999999778,7483.999999999778,0.0
"('2025.12.17 09:16',)",7489.999999999778,7489.999999999778,0.0
"('2025.12.17 09:23',)",7474.999999999792,7489.999999999778,-0.0020026702269675305
"('2025.12.17 09:28',)",7490.999999999783,7490.999999999783,0.0
"('2025.12.17 10:11',)",7487.999999999796,7490.999999999783,-0.0004004805766902209
"('2025.12.17 10:28',)",7509.999999999787,7509.999999999787,0.0
"('2025.12.17 11:01',)",7520.999999999783,7520.999999999783,0.0
"('2025.12.17 11:23',)",7545.999999999788,7545.999999999788,0.0
"('2025.12.17 13:25',)",7551.999999999788,7551.999999999788,0.0
"('2025.12.17 13:31',)",7542.9999999997735,7551.999999999788,-0.0011917372881375535
"('2025.12.17 18:53',)",7539.999999999759,7551.999999999788,-0.001588983050851356
"('2025.12.17 21:19',)",7545.999999999759,7551.999999999788,-0.0007944915254276049
"('2025.12.18 01:13',)",7542.999999999744,7551.999999999788,-0.0011917372881414074
"('2025.12.18 03:28',)",7534.9999999997635,7551.999999999788,-0.002251059322037213
"('2025.12.18 03:56',)",7545.999999999759,7551.999999999788,-0.0007944915254276049
"('2025.12.18 04:39',)",7560.999999999745,7560.999999999745,0.0
"('2025.12.18 05:50',)",7565.999999999741,7565.999999999741,0.0
"('2025.12.18 06:57',)",7575.999999999732,7575.999999999732,0.0
"('2025.12.18 09:16',)",7581.999999999732,7581.999999999732,0.0
"('2025.12.18 10:02',)",7586.999999999727,7586.999999999727,0.0
"('2025.12.18 10:18',)",7600.999999999737,7600.999999999737,0.0
"('2025.12.18 12:03',)",7597.999999999751,7600.999999999737,-0.00039468490987849776
"('2025.12.18 13:22',)",7609.999999999752,7609.999999999752,0.0
"('2025.12.18 13:41',)",7638.999999999748,7638.999999999748,0.0
"('2025.12.19 01:04',)",7649.9999999997435,7649.9999999997435,0.0
"('2025.12.19 01:55',)",7664.999999999758,7664.999999999758,0.0
"('2025.12.19 02:04',)",7679.999999999773,7679.999999999773,0.0
"('2025.12.19 03:29',)",7668.999999999777,7679.999999999773,-0.0014322916666661169
"('2025.12.19 04:46',)",7695.999999999793,7695.999999999793,0.0
"('2025.12.19 05:40',)",7707.9999999997935,7707.9999999997935,0.0
"('2025.12.19 06:28',)",7702.999999999798,7707.9999999997935,-0.0006486766995323802
"('2025.12.19 07:46',)",7721.999999999804,7721.999999999804,0.0
"('2025.12.19 07:59',)",7746.999999999809,7746.999999999809,0.0
"('2025.12.19 09:25',)",7785.9999999998245,7785.9999999998245,0.0
"('2025.12.19 10:55',)",7793.9999999998345,7793.9999999998345,0.0
"('2025.12.19 12:08',)",7818.99999999984,7818.99999999984,0.0
"('2025.12.19 12:45',)",7856.999999999823,7856.999999999823,0.0
"('2025.12.19 13:22',)",7882.999999999833,7882.999999999833,0.0
"('2025.12.19 14:10',)",7910.9999999998245,7910.9999999998245,0.0
"('2025.12.19 14:30',)",7931.999999999811,7931.999999999811,0.0
"('2025.12.19 15:08',)",7968.999999999817,7968.999999999817,0.0
"('2025.12.19 17:10',)",7962.999999999817,7968.999999999817,-0.000752917555527687
"('2025.12.19 21:27',)",7975.999999999794,7975.999999999794,0.0
"('2025.12.19 22:16',)",7970.999999999771,7975.999999999794,-0.0006268806419287582
"('2025.12.19 23:30',)",7986.999999999762,7986.999999999762,0.0
"('2025.12.19 23:51',)",7991.999999999757,7991.999999999757,0.0
"('2025.12.22 03:07',)",8018.9999999997435,8018.9999999997435,0.0
"('2025.12.22 03:44',)",8042.999999999744,8042.999999999744,0.0
"('2025.12.22 06:27',)",8047.99999999974,8047.99999999974,0.0
"('2025.12.22 08:49',)",8069.999999999731,8069.999999999731,0.0
"('2025.12.22 11:52',)",8081.999999999732,8081.999999999732,0.0
"('2025.12.22 12:39',)",8093.999999999733,8093.999999999733,0.0
"('2025.12.22 14:15',)",8103.9999999997235,8103.9999999997235,0.0
"('2025.12.22 15:52',)",8136.999999999711,8136.999999999711,0.0
"('2025.12.22 16:03',)",8168.999999999693,8168.999999999693,0.0
"('2025.12.22 16:44',)",8218.999999999676,8218.999999999676,0.0
"('2025.12.22 18:27',)",8230.999999999676,8230.999999999676,0.0
"('2025.12.22 20:44',)",8227.99999999969,8230.999999999676,-0.00036447576236004934
"('2025.12.22 22:43',)",8222.999999999694,8230.999999999676,-0.0009719353662959695
"('2025.12.22 23:29',)",8234.999999999694,8234.999999999694,0.0
"('2025.12.23 01:50',)",8260.999999999705,8260.999999999705,0.0
"('2025.12.23 02:01',)",8284.999999999705,8284.999999999705,0.0
"('2025.12.23 04:56',)",8270.999999999724,8284.999999999705,-0.001689800844898287
"('2025.12.23 05:10',)",8266.999999999733,8284.999999999705,-0.002172601086297327
"('2025.12.23 06:25',)",8280.999999999742,8284.999999999705,-0.00048280024139574684
"('2025.12.23 08:10',)",8319.999999999729,8319.999999999729,0.0
"('2025.12.23 08:30',)",8341.99999999972,8341.99999999972,0.0
"('2025.12.23 09:39',)",8397.999999999704,8397.999999999704,0.0
"('2025.12.23 10:20',)",8402.999999999698,8402.999999999698,0.0
"('2025.12.23 13:23',)",8392.999999999707,8402.999999999698,-0.0011900511721993651
"('2025.12.23 16:16',)",8398.999999999707,8402.999999999698,-0.0004760204688790966
"('2025.12.23 16:30',)",8461.999999999694,8461.999999999694,0.0
"('2025.12.23 16:42',)",8477.999999999685,8477.999999999685,0.0
"('2025.12.23 18:03',)",8502.999999999662,8502.999999999662,0.0
"('2025.12.23 20:01',)",8527.999999999667,8527.999999999667,0.0
"('2025.12.23 20:18',)",8554.999999999682,8554.999999999682,0.0
"('2025.12.23 21:21',)",8548.999999999682,8554.999999999682,-0.000701344243132697
"('2025.12.23 21:49',)",8556.999999999663,8556.999999999663,0.0
"('2025.12.24 02:20',)",8592.999999999665,8592.999999999665,0.0
"('2025.12.24 02:36',)",8602.999999999685,8602.999999999685,0.0
"('2025.12.24 04:57',)",8621.99999999969,8621.99999999969,0.0
"('2025.12.24 07:01',)",8646.999999999669,8646.999999999669,0.0
"('2025.12.24 08:37',)",8660.99999999968,8660.99999999968,0.0
"('2025.12.24 09:46',)",8684.99999999968,8684.99999999968,0.0
"('2025.12.24 12:12',)",8696.99999999968,8696.99999999968,0.0
"('2025.12.24 12:45',)",8725.999999999676,8725.999999999676,0.0
"('2025.12.24 13:22',)",8746.99999999969,8746.99999999969,0.0
"('2025.12.24 13:28',)",8763.999999999687,8763.999999999687,0.0
"('2025.12.24 13:39',)",8778.999999999673,8778.999999999673,0.0
"('2025.12.24 21:23',)",8801.999999999698,8801.999999999698,0.0
"('2025.12.24 23:30',)",8772.999999999702,8801.999999999698,-0.0032947057486931784
"('2025.12.26 01:15',)",8782.999999999693,8801.999999999698,-0.0021586003181102145
"('2025.12.26 06:28',)",8787.999999999687,8801.999999999698,-0.001590547602818836
"('2025.12.26 08:38',)",8785.999999999678,8801.999999999698,-0.0018177686889366688
"('2025.12.26 08:42',)",8797.999999999678,8801.999999999698,-0.0004544421722358721
"('2025.12.26 09:54',)",8778.999999999673,8801.999999999698,-0.0026130424903460865
"('2025.12.26 11:31',)",8775.999999999658,8801.999999999698,-0.0029538741195229393
"('2025.12.26 11:53',)",8786.999999999654,8801.999999999698,-0.0017041581458809554
"('2025.12.26 13:53',)",8797.99999999965,8801.999999999698,-0.00045444217223897194
"('2025.12.26 14:00',)",8813.999999999642,8813.999999999642,0.0
"('2025.12.26 17:34',)",8832.999999999647,8832.999999999647,0.0
"('2025.12.26 17:39',)",8838.999999999647,8838.999999999647,0.0
"('2025.12.26 18:07',)",8881.999999999654,8881.999999999654,0.0
"('2025.12.26 18:37',)",8902.999999999669,8902.999999999669,0.0
"('2025.12.26 21:06',)",8918.99999999966,8918.99999999966,0.0
"('2025.12.26 22:57',)",8933.999999999647,8933.999999999647,0.0
"('2025.12.29 01:10',)",8952.999999999653,8952.999999999653,0.0
"('2025.12.29 02:31',)",8950.999999999643,8952.999999999653,-0.00022338880822173266
"('2025.12.29 03:11',)",8974.999999999643,8974.999999999643,0.0
"('2025.12.29 05:02',)",8981.999999999649,8981.999999999649,0.0
"('2025.12.29 08:04',)",9012.999999999654,9012.999999999654,0.0
"('2025.12.29 10:29',)",9023.99999999965,9023.99999999965,0.0
"('2025.12.29 13:09',)",9035.99999999965,9035.99999999965,0.0
"('2025.12.29 13:38',)",9032.999999999636,9035.99999999965,-0.0003320053120866166
"('2025.12.30 01:07',)",9068.999999999638,9068.999999999638,0.0
"('2025.12.30 02:44',)",9115.999999999634,9115.999999999634,0.0
"('2025.12.30 04:24',)",9131.999999999625,9131.999999999625,0.0
"('2025.12.30 04:50',)",9145.999999999636,9145.999999999636,0.0
"('2025.12.30 12:53',)",9167.999999999656,9167.999999999656,0.0
"('2025.12.30 13:04',)",9180.999999999662,9180.999999999662,0.0
"('2025.12.30 13:46',)",9209.999999999658,9209.999999999658,0.0
"('2025.12.30 14:15',)",9224.999999999673,9224.999999999673,0.0
"('2025.12.30 16:11',)",9246.999999999693,9246.999999999693,0.0
"('2025.12.30 17:05',)",9276.999999999694,9276.999999999694,0.0
"('2025.12.30 17:12',)",9300.999999999694,9300.999999999694,0.0
"('2025.12.30 17:37',)",9323.99999999969,9323.99999999969,0.0
"('2025.12.30 18:39',)",9320.999999999705,9323.99999999969,-0.0003217503217487717
"('2025.12.30 18:50',)",9307.9999999997,9323.99999999969,-0.0017160017160007975
"('2025.12.30 21:01',)",9313.9999999997,9323.99999999969,-0.0010725010725001326
"('2025.12.30 21:04',)",9323.99999999969,9323.99999999969,0.0
"('2025.12.30 23:39',)",9321.999999999682,9323.99999999969,-0.00021450021450119706
"('2025.12.31 01:25',)",9327.999999999682,9327.999999999682,0.0
"('2025.12.31 02:38',)",9335.999999999663,9335.999999999663,0.0
"('2025.12.31 03:07',)",9354.999999999669,9354.999999999669,0.0
"('2025.12.31 03:54',)",9366.999999999669,9366.999999999669,0.0
"('2025.12.31 04:51',)",9378.999999999669,9378.999999999669,0.0
"('2025.12.31 05:26',)",9370.99999999966,9378.999999999669,-0.0008529693997237848
"('2025.12.31 05:40',)",9381.999999999683,9381.999999999683,0.0
"('2025.12.31 05:57',)",9387.999999999683,9387.999999999683,0.0
"('2025.12.31 11:52',)",9410.99999999968,9410.99999999968,0.0
"('2025.12.31 12:09',)",9415.999999999676,9415.999999999676,0.0
"('2025.12.31 13:41',)",9413.999999999694,9415.999999999676,-0.00021240441800997014
"('2025.12.31 15:31',)",9396.999999999698,9415.999999999676,-0.0020178419711107502
"('2025.12.31 15:56',)",9404.999999999707,9415.999999999676,-0.0011682242990621768
"('2025.12.31 22:03',)",9402.999999999725,9415.999999999676,-0.0013806287170721467
"('2025.12.31 22:54',)",9422.999999999736,9422.999999999736,0.0
"('2026.01.02 01:17',)",9447.999999999742,9447.999999999742,0.0
"('2026.01.02 01:48',)",9458.999999999765,9458.999999999765,0.0
"('2026.01.02 05:07',)",9480.999999999756,9480.999999999756,0.0
"('2026.01.02 12:14',)",9491.999999999753,9491.999999999753,0.0
"('2026.01.02 14:19',)",9509.999999999753,9509.999999999753,0.0
"('2026.01.02 15:35',)",9522.999999999758,9522.999999999758,0.0
"('2026.01.02 16:35',)",9557.999999999754,9557.999999999754,0.0
"('2026.01.02 16:46',)",9578.999999999742,9578.999999999742,0.0
"('2026.01.02 21:11',)",9597.999999999718,9597.999999999718,0.0
"('2026.01.02 21:30',)",9602.999999999713,9602.999999999713,0.0
"('2026.01.02 22:08',)",9611.999999999698,9611.999999999698,0.0
"('2026.01.02 23:01',)",9633.999999999718,9633.999999999718,0.0
"('2026.01.05 00:32',)",9639.999999999718,9639.999999999718,0.0
"('2026.01.05 02:13',)",9652.999999999724,9652.999999999724,0.0
"('2026.01.05 05:06',)",9665.999999999729,9665.999999999729,0.0
"('2026.01.05 13:17',)",9670.999999999724,9670.999999999724,0.0
"('2026.01.05 14:22',)",9693.99999999972,9693.99999999972,0.0
"('2026.01.05 16:57',)",9708.999999999705,9708.999999999705,0.0
"('2026.01.05 17:24',)",9737.999999999702,9737.999999999702,0.0
"('2026.01.05 18:24',)",9752.999999999716,9752.999999999716,0.0
"('2026.01.05 18:28',)",9762.999999999707,9762.999999999707,0.0
"('2026.01.05 20:58',)",9775.999999999713,9775.999999999713,0.0
"('2026.01.05 22:28',)",9781.999999999713,9781.999999999713,0.0
"('2026.01.05 23:57',)",9786.999999999736,9786.999999999736,0.0
"('2026.01.06 01:12',)",9784.999999999727,9786.999999999736,-0.00020435271278319698
"('2026.01.06 02:01',)",9780.999999999736,9786.999999999736,-0.0006130581383468031
"('2026.01.06 02:08',)",9815.999999999762,9815.999999999762,0.0
"('2026.01.06 02:17',)",9844.999999999758,9844.999999999758,0.0
"('2026.01.06 08:42',)",9873.999999999754,9873.999999999754,0.0
"('2026.01.06 14:41',)",9888.999999999769,9888.999999999769,0.0
"('2026.01.06 14:48',)",9898.99999999976,9898.99999999976,0.0
"('2026.01.06 15:35',)",9909.999999999756,9909.999999999756,0.0
"('2026.01.06 15:59',)",9916.999999999762,9916.999999999762,0.0
"('2026.01.06 16:51',)",9938.999999999782,9938.999999999782,0.0
"('2026.01.06 17:34',)",9963.999999999787,9963.999999999787,0.0
"('2026.01.06 17:41',)",9975.999999999787,9975.999999999787,0.0
"('2026.01.06 19:06',)",9985.999999999807,9985.999999999807,0.0
"('2026.01.07 01:30',)",9999.999999999818,9999.999999999818,0.0
"('2026.01.07 03:20',)",9986.999999999813,9999.999999999818,-0.0013000000000005694
"('2026.01.07 03:56',)",10013.9999999998,10013.9999999998,0.0
"('2026.01.07 05:23',)",10024.999999999796,10024.999999999796,0.0
"('2026.01.07 05:47',)",10033.999999999782,10033.999999999782,0.0
"('2026.01.07 06:02',)",10054.999999999796,10054.999999999796,0.0
"('2026.01.07 10:32',)",10064.999999999787,10064.999999999787,0.0
"('2026.01.07 16:37',)",10052.999999999787,10064.999999999787,-0.0011922503725782666
"('2026.01.07 16:39',)",10060.999999999769,10064.999999999787,-0.00039741679086122947
"('2026.01.07 17:09',)",10096.99999999977,10096.99999999977,0.0
"('2026.01.07 18:10',)",10102.99999999977,10102.99999999977,0.0
"('2026.01.07 19:16',)",10110.999999999753,10110.999999999753,0.0
"('2026.01.07 19:23',)",10125.999999999767,10125.999999999767,0.0
"('2026.01.07 20:15',)",10135.999999999787,10135.999999999787,0.0
"('2026.01.07 21:16',)",10150.999999999774,10150.999999999774,0.0
"('2026.01.07 22:23',)",10162.999999999774,10162.999999999774,0.0
"('2026.01.07 23:05',)",10168.999999999774,10168.999999999774,0.0
"('2026.01.08 02:17',)",10178.999999999765,10178.999999999765,0.0
"('2026.01.08 02:31',)",10196.999999999765,10196.999999999765,0.0
"('2026.01.08 02:45',)",10201.99999999976,10201.99999999976,0.0
"('2026.01.08 06:52',)",10219.99999999976,10219.99999999976,0.0
"('2026.01.08 10:26',)",10230.999999999756,10230.999999999756,0.0
"('2026.01.08 10:31',)",10251.999999999744,10251.999999999744,0.0
"('2026.01.08 10:37',)",10283.999999999754,10283.999999999754,0.0
"('2026.01.08 13:27',)",10281.999999999745,10283.999999999754,-0.0001944768572548758
"('2026.01.08 13:34',)",10294.99999999975,10294.99999999975,0.0
"('2026.01.08 14:08',)",10299.999999999774,10299.999999999774,0.0
"('2026.01.08 15:20',)",10312.99999999978,10312.99999999978,0.0
"('2026.01.08 15:59',)",10361.999999999787,10361.999999999787,0.0
"('2026.01.08 17:33',)",10384.999999999784,10384.999999999784,0.0
"('2026.01.08 19:01',)",10416.999999999765,10416.999999999765,0.0
"('2026.01.08 22:55',)",10431.99999999978,10431.99999999978,0.0
"('2026.01.09 01:01',)",10437.99999999978,10437.99999999978,0.0
"('2026.01.09 01:05',)",10445.999999999789,10445.999999999789,0.0
"('2026.01.09 02:25',)",10479.999999999809,10479.999999999809,0.0
"('2026.01.09 03:03',)",10488.999999999824,10488.999999999824,0.0
"('2026.01.09 05:30',)",10501.9999999998,10501.9999999998,0.0
"('2026.01.09 07:30',)",10531.999999999802,10531.999999999802,0.0
"('2026.01.09 08:04',)",10542.999999999798,10542.999999999798,0.0
"('2026.01.09 08:16',)",10552.999999999789,10552.999999999789,0.0
"('2026.01.09 09:00',)",10564.999999999789,10564.999999999789,0.0
"('2026.01.09 09:05',)",10588.999999999789,10588.999999999789,0.0
"('2026.01.09 09:24',)",10597.999999999804,10597.999999999804,0.0
"('2026.01.09 12:42',)",10606.999999999789,10606.999999999789,0.0
"('2026.01.09 16:38',)",10616.999999999809,10616.999999999809,0.0
"('2026.01.09 17:13',)",10643.999999999796,10643.999999999796,0.0
"('2026.01.09 19:22',)",10656.999999999773,10656.999999999773,0.0
"('2026.01.09 19:42',)",10674.999999999773,10674.999999999773,0.0
"('2026.01.09 20:18',)",10682.999999999782,10682.999999999782,0.0
"('2026.01.09 23:38',)",10692.999999999773,10692.999999999773,0.0
"('2026.01.12 02:01',)",10689.999999999787,10692.999999999773,-0.0002805573739816246
"('2026.01.12 04:17',)",10703.999999999796,10703.999999999796,0.0
"('2026.01.12 04:43',)",10714.999999999793,10714.999999999793,0.0
"('2026.01.12 05:20',)",10724.999999999784,10724.999999999784,0.0
"('2026.01.12 07:33',)",10738.999999999793,10738.999999999793,0.0
"('2026.01.12 10:16',)",10731.999999999787,10738.999999999793,-0.0006518297793095812
"('2026.01.12 12:06',)",10742.999999999784,10742.999999999784,0.0
"('2026.01.12 12:33',)",10762.999999999794,10762.999999999794,0.0
"('2026.01.12 13:58',)",10770.999999999804,10770.999999999804,0.0
"('2026.01.12 15:02',)",10751.999999999798,10770.999999999804,-0.0017639959149573672
"('2026.01.12 16:10',)",10776.999999999804,10776.999999999804,0.0
"('2026.01.12 16:44',)",10786.999999999824,10786.999999999824,0.0
"('2026.01.12 17:11',)",10799.999999999829,10799.999999999829,0.0
"('2026.01.12 20:21',)",10811.999999999829,10811.999999999829,0.0
"('2026.01.12 20:50',)",10831.99999999984,10831.99999999984,0.0
"('2026.01.12 22:37',)",10845.999999999822,10845.999999999822,0.0
"('2026.01.13 03:10',)",10853.99999999983,10853.99999999983,0.0
"('2026.01.13 03:53',)",10868.999999999818,10868.999999999818,0.0
"('2026.01.13 06:03',)",10896.999999999809,10896.999999999809,0.0
"('2026.01.13 06:18',)",10966.999999999802,10966.999999999802,0.0
"('2026.01.13 08:05',)",11005.999999999818,11005.999999999818,0.0
"('2026.01.13 10:06',)",11016.999999999814,11016.999999999814,0.0
"('2026.01.13 10:21',)",11042.999999999825,11042.999999999825,0.0
"('2026.01.13 12:16',)",11070.999999999816,11070.999999999816,0.0
"('2026.01.13 15:52',)",11107.999999999794,11107.999999999794,0.0
"('2026.01.13 16:49',)",11105.999999999813,11107.999999999794,-0.00018005041411431826
"('2026.01.13 17:24',)",11098.999999999807,11107.999999999794,-0.0008102268635206548
"('2026.01.13 17:49',)",11107.999999999793,11107.999999999794,-1.6375489769048344e-16
"('2026.01.13 19:15',)",11126.999999999798,11126.999999999798,0.0
"('2026.01.13 22:34',)",11152.99999999978,11152.99999999978,0.0
"('2026.01.13 23:44',)",11150.99999999977,11152.99999999978,-0.00017932394871416967
"('2026.01.14 01:09',)",11158.999999999753,11158.999999999753,0.0
"('2026.01.14 01:38',)",11193.999999999749,11193.999999999749,0.0
"('2026.01.14 02:53',)",11211.999999999749,11211.999999999749,0.0
"('2026.01.14 03:30',)",11228.999999999773,11228.999999999773,0.0
"('2026.01.14 11:52',)",11290.999999999785,11290.999999999785,0.0
"('2026.01.14 13:12',)",11280.999999999765,11290.999999999785,-0.0008856611460473119
"('2026.01.14 14:49',)",11287.99999999977,11290.999999999785,-0.00026569834381495077
"('2026.01.14 15:13',)",11277.99999999978,11290.999999999785,-0.0011513594898596852
"('2026.01.14 15:31',)",11248.999999999784,11290.999999999785,-0.003719776813391428
"('2026.01.14 17:13',)",11287.99999999977,11290.999999999785,-0.00026569834381495077
"('2026.01.14 17:21',)",11283.99999999978,11290.999999999785,-0.0006199628022323612
"('2026.01.14 17:53',)",11312.999999999776,11312.999999999776,0.0
"('2026.01.14 18:32',)",11341.999999999773,11341.999999999773,0.0
"('2026.01.14 19:35',)",11353.999999999773,11353.999999999773,0.0
"('2026.01.14 19:57',)",11360.999999999749,11360.999999999749,0.0
"('2026.01.14 20:13',)",11372.999999999749,11372.999999999749,0.0
"('2026.01.14 20:27',)",11369.999999999764,11372.999999999749,-0.0002637826431008102
"('2026.01.14 20:33',)",11377.999999999773,11377.999999999773,0.0
"('2026.01.14 21:35',)",11386.999999999758,11386.999999999758,0.0
"('2026.01.14 22:26',)",11392.999999999758,11392.999999999758,0.0
"('2026.01.15 01:47',)",11406.99999999974,11406.99999999974,0.0
"('2026.01.15 02:44',)",11422.99999999973,11422.99999999973,0.0
"('2026.01.15 03:26',)",11444.999999999722,11444.999999999722,0.0
"('2026.01.15 04:03',)",11449.999999999716,11449.999999999716,0.0
"('2026.01.15 05:02',)",11483.999999999709,11483.999999999709,0.0
"('2026.01.15 06:07',)",11504.999999999724,11504.999999999724,0.0
"('2026.01.15 08:43',)",11525.99999999971,11525.99999999971,0.0
"('2026.01.15 11:33',)",11550.999999999716,11550.999999999716,0.0
"('2026.01.15 13:56',)",11568.999999999716,11568.999999999716,0.0
"('2026.01.15 15:31',)",11580.999999999716,11580.999999999716,0.0
"('2026.01.15 19:06',)",11585.999999999713,11585.999999999713,0.0
"('2026.01.15 19:35',)",11600.999999999698,11600.999999999698,0.0
"('2026.01.16 00:53',)",11612.999999999698,11612.999999999698,0.0
"('2026.01.16 03:40',)",11607.999999999702,11612.999999999698,-0.00043055196762218994
"('2026.01.16 04:59',)",11616.999999999687,11616.999999999687,0.0
"('2026.01.16 05:55',)",11664.999999999689,11664.999999999689,0.0
"('2026.01.16 08:35',)",11655.999999999674,11664.999999999689,-0.0007715387912571618
"('2026.01.16 10:00',)",11699.999999999658,11699.999999999658,0.0
"('2026.01.16 13:00',)",11715.999999999649,11715.999999999649,0.0
"('2026.01.16 14:05',)",11720.999999999643,11720.999999999643,0.0
"('2026.01.16 16:31',)",11733.99999999962,11733.99999999962,0.0
"('2026.01.16 17:14',)",11765.999999999602,11765.999999999602,0.0
"('2026.01.19 01:27',)",11774.999999999587,11774.999999999587,0.0
"('2026.01.19 04:39',)",11762.999999999587,11774.999999999587,-0.0010191082802548128
"('2026.01.19 04:54',)",11787.999999999593,11787.999999999593,0.0
"('2026.01.19 10:05',)",11813.999999999574,11813.999999999574,0.0
"('2026.01.19 17:24',)",11818.99999999957,11818.99999999957,0.0
"('2026.01.19 17:58',)",11823.999999999567,11823.999999999567,0.0
"('2026.01.20 01:27',)",11835.999999999567,11835.999999999567,0.0
"('2026.01.20 01:50',)",11843.999999999576,11843.999999999576,0.0
"('2026.01.20 02:11',)",11879.999999999549,11879.999999999549,0.0
"('2026.01.20 02:38',)",11913.999999999569,11913.999999999569,0.0
"('2026.01.20 03:40',)",11927.99999999955,11927.99999999955,0.0
"('2026.01.20 06:02',)",11923.99999999956,11927.99999999955,-0.00033534540576719114
"('2026.01.20 07:36',)",11934.999999999556,11934.999999999556,0.0
"('2026.01.20 08:37',)",11925.99999999957,11934.999999999556,-0.0007540846250511758
"('2026.01.20 08:49',)",11956.999999999576,11956.999999999576,0.0
"('2026.01.20 12:05',)",11993.999999999582,11993.999999999582,0.0
"('2026.01.20 12:11',)",12007.999999999593,12007.999999999593,0.0
"('2026.01.20 16:28',)",12034.99999999958,12034.99999999958,0.0
"('2026.01.20 16:42',)",12032.99999999957,12034.99999999958,-0.0001661819692570972
"('2026.01.20 17:58',)",12044.99999999957,12044.99999999957,0.0
"('2026.01.20 21:40',)",12072.99999999959,12072.99999999959,0.0
"('2026.01.21 01:31',)",12078.99999999959,12078.99999999959,0.0
"('2026.01.21 02:17',)",12107.999999999587,12107.999999999587,0.0
"('2026.01.21 07:17',)",12116.999999999573,12116.999999999573,0.0
"('2026.01.21 10:07',)",12140.999999999574,12140.999999999574,0.0
"('2026.01.21 13:16',)",12149.99999999956,12149.99999999956,0.0
"('2026.01.21 19:02',)",12134.999999999574,12149.99999999956,-0.001234567901233415
"('2026.01.21 19:43',)",12159.999999999553,12159.999999999553,0.0
"('2026.01.21 20:12',)",12153.999999999553,12159.999999999553,-0.0004934210526315971
"('2026.01.21 21:13',)",12148.999999999529,12159.999999999553,-0.0009046052631598726
"('2026.01.22 03:15',)",12181.999999999545,12181.999999999545,0.0
"('2026.01.22 03:42',)",12187.999999999545,12187.999999999545,0.0
"('2026.01.22 04:16',)",12208.99999999956,12208.99999999956,0.0
"('2026.01.22 06:22',)",12229.999999999547,12229.999999999547,0.0
"('2026.01.22 09:19',)",12251.999999999567,12251.999999999567,0.0
"('2026.01.22 09:58',)",12265.999999999578,12265.999999999578,0.0
"('2026.01.22 10:13',)",12284.999999999583,12284.999999999583,0.0
"('2026.01.22 11:43',)",12311.99999999957,12311.99999999957,0.0
"('2026.01.22 12:21',)",12318.999999999576,12318.999999999576,0.0
"('2026.01.22 14:33',)",12329.999999999573,12329.999999999573,0.0
"('2026.01.22 15:39',)",12366.99999999955,12366.99999999955,0.0
"('2026.01.22 16:50',)",12384.99999999955,12384.99999999955,0.0
"('2026.01.22 17:54',)",12405.999999999565,12405.999999999565,0.0
"('2026.01.22 18:08',)",12446.999999999562,12446.999999999562,0.0
"('2026.01.22 21:02',)",12457.999999999558,12457.999999999558,0.0
"('2026.01.22 23:36',)",12444.999999999553,12457.999999999558,-0.0010435061807678534
"('2026.01.23 05:19',)",12458.999999999534,12458.999999999534,0.0
"('2026.01.23 06:27',)",12476.999999999534,12476.999999999534,0.0
"('2026.01.23 07:47',)",12488.999999999534,12488.999999999534,0.0
"('2026.01.23 08:20',)",12496.999999999516,12496.999999999516,0.0
"('2026.01.23 10:16',)",12522.999999999498,12522.999999999498,0.0
"('2026.01.23 10:28',)",12557.999999999494,12557.999999999494,0.0
"('2026.01.23 12:30',)",12542.999999999509,12557.999999999494,-0.0011944577161957359
"('2026.01.23 14:43',)",12568.99999999949,12568.99999999949,0.0
"('2026.01.23 19:40',)",12755.999999999474,12755.999999999474,0.0
"('2026.01.23 19:48',)",12781.999999999456,12781.999999999456,0.0
"('2026.01.23 20:43',)",12817.999999999458,12817.999999999458,0.0
"('2026.01.23 23:46',)",12867.999999999469,12867.999999999469,0.0
"('2026.01.26 01:46',)",12929.99999999948,12929.99999999948,0.0
"('2026.01.26 01:54',)",12974.999999999496,12974.999999999496,0.0
"('2026.01.26 02:39',)",13042.999999999509,13042.999999999509,0.0
"('2026.01.26 05:27',)",13019.999999999513,13042.999999999509,-0.001763397991259467
"('2026.01.26 06:06',)",13039.999999999523,13042.999999999509,-0.00023000843364145987
"('2026.01.26 06:33',)",13075.999999999525,13075.999999999525,0.0
"('2026.01.26 06:40',)",13118.99999999953,13118.99999999953,0.0
"('2026.01.26 11:09',)",13175.999999999518,13175.999999999518,0.0
"('2026.01.26 14:42',)",13187.999999999518,13187.999999999518,0.0
"('2026.01.26 15:01',)",13208.999999999505,13208.999999999505,0.0
"('2026.01.26 16:14',)",13239.99999999951,13239.99999999951,0.0
"('2026.01.26 17:33',)",13298.999999999509,13298.999999999509,0.0
"('2026.01.26 19:00',)",13315.999999999505,13315.999999999505,0.0
"('2026.01.26 22:41',)",13325.999999999525,13325.999999999525,0.0
"('2026.01.26 23:00',)",13346.999999999513,13346.999999999513,0.0
"('2026.01.26 23:09',)",13404.999999999505,13404.999999999505,0.0
"('2026.01.26 23:21',)",13415.999999999502,13415.999999999502,0.0
"('2026.01.27 01:37',)",13421.999999999502,13421.999999999502,0.0
"('2026.01.27 01:45',)",13480.9999999995,13480.9999999995,0.0
"('2026.01.27 03:02',)",13515.999999999496,13515.999999999496,0.0
"('2026.01.27 04:17',)",13508.99999999949,13515.999999999496,-0.0005179047055346047
"('2026.01.27 06:26',)",13513.999999999487,13515.999999999496,-0.00014797277301044462
"('2026.01.27 08:09',)",13521.999999999496,13521.999999999496,0.0
"('2026.01.27 08:18',)",13511.999999999505,13521.999999999496,-0.0007395355716603518
"('2026.01.27 08:26',)",13529.999999999505,13529.999999999505,0.0
"('2026.01.27 09:13',)",13548.99999999951,13548.99999999951,0.0
"('2026.01.27 10:20',)",13564.999999999502,13564.999999999502,0.0
"('2026.01.27 12:17',)",13654.999999999505,13654.999999999505,0.0
"('2026.01.27 12:56',)",13667.99999999951,13667.99999999951,0.0
"('2026.01.27 14:39',)",13701.999999999502,13701.999999999502,0.0
"('2026.01.27 14:57',)",13730.999999999498,13730.999999999498,0.0
"('2026.01.27 15:32',)",13767.999999999503,13767.999999999503,0.0
"('2026.01.27 16:21',)",13816.99999999951,13816.99999999951,0.0
"('2026.01.27 19:28',)",13808.999999999502,13816.99999999951,-0.0005789968878924063
"('2026.01.27 23:03',)",13844.999999999474,13844.999999999474,0.0
"('2026.01.28 01:22',)",13828.999999999454,13844.999999999474,-0.0011556518598787012
"('2026.01.28 03:26',)",13871.999999999462,13871.999999999462,0.0
"('2026.01.28 04:13',)",13906.999999999458,13906.999999999458,0.0
"('2026.01.28 06:43',)",13921.999999999472,13921.999999999472,0.0
"('2026.01.28 07:11',)",13918.999999999458,13921.999999999472,-0.0002154862807078484
"('2026.01.28 10:39',)",13909.999999999443,13921.999999999472,-0.0008619451228293032
"('2026.01.28 12:02',)",13899.999999999452,13921.999999999472,-0.0015802327251846604
"('2026.01.28 12:24',)",13915.999999999443,13921.999999999472,-0.0004309725614156968
"('2026.01.28 15:28',)",13940.999999999422,13940.999999999422,0.0
"('2026.01.28 15:38',)",13928.999999999422,13940.999999999422,-0.000860770389498637
"('2026.01.28 17:05',)",13986.999999999414,13986.999999999414,0.0
"('2026.01.28 19:15',)",13996.999999999405,13996.999999999405,0.0
"('2026.01.28 19:51',)",14018.999999999396,14018.999999999396,0.0
"('2026.01.28 23:12',)",14012.999999999396,14018.999999999396,-0.0004279905842071659
"('2026.01.28 23:23',)",14032.999999999378,14032.999999999378,0.0
"('2026.01.29 02:03',)",14068.99999999938,14068.99999999938,0.0
"('2026.01.29 05:23',)",14093.999999999356,14093.999999999356,0.0
"('2026.01.29 07:41',)",14110.999999999352,14110.999999999352,0.0
"('2026.01.29 12:27',)",14090.999999999342,14110.999999999352,-0.0014173339947567028
"('2026.01.29 13:07',)",14124.999999999334,14124.999999999334,0.0
"('2026.01.29 14:05',)",14135.999999999358,14135.999999999358,0.0
"('2026.01.29 15:27',)",14151.999999999378,14151.999999999378,0.0
"('2026.01.29 19:04',)",14171.999999999389,14171.999999999389,0.0
"('2026.01.29 19:45',)",14192.999999999376,14192.999999999376,0.0
"('2026.01.29 20:10',)",14199.999999999382,14199.999999999382,0.0
"('2026.01.30 00:01',)",14328.999999999372,14328.999999999372,0.0
"('2026.01.30 01:03',)",14353.999999999378,14353.999999999378,0.0
"('2026.01.30 02:15',)",14372.999999999383,14372.999999999383,0.0
"('2026.01.30 03:32',)",14387.999999999398,14387.999999999398,0.0
"('2026.01.30 06:53',)",14394.999999999374,14394.999999999374,0.0
"('2026.01.30 08:32',)",14385.99999999936,14394.999999999374,-0.0006252170892681447
"('2026.01.30 09:13',)",14381.999999999369,14394.999999999374,-0.0009030913511640168
"('2026.01.30 09:21',)",14428.999999999365,14428.999999999365,0.0
"('2026.01.30 09:44',)",14476.999999999367,14476.999999999367,0.0
"('2026.01.30 10:09',)",14498.999999999358,14498.999999999358,0.0
"('2026.01.30 10:54',)",14556.99999999935,14556.99999999935,0.0
"('2026.01.30 13:51',)",14553.999999999336,14556.99999999935,-0.000206086418906003
"('2026.01.30 14:54',)",14619.99999999931,14619.99999999931,0.0
"('2026.01.30 18:40',)",14642.999999999307,14642.999999999307,0.0
"('2026.01.30 19:01',)",14699.999999999294,14699.999999999294,0.0
"('2026.01.30 20:08',)",14727.999999999285,14727.999999999285,0.0
"('2026.01.30 20:36',)",14752.99999999929,14752.99999999929,0.0
"('2026.01.30 22:18',)",14770.99999999929,14770.99999999929,0.0
"('2026.01.30 22:55',)",14805.999999999287,14805.999999999287,0.0
"('2026.02.02 00:44',)",14814.999999999302,14814.999999999302,0.0
"('2026.02.02 00:48',)",14858.999999999312,14858.999999999312,0.0
"('2026.02.02 02:41',)",14880.999999999303,14880.999999999303,0.0
"('2026.02.02 06:52',)",14917.999999999309,14917.999999999309,0.0
"('2026.02.02 09:38',)",14963.999999999329,14963.999999999329,0.0
"('2026.02.02 09:43',)",14950.999999999323,14963.999999999329,-0.0008687516706766934
"('2026.02.02 10:02',)",14968.999999999323,14968.999999999323,0.0
"('2026.02.02 11:41',)",14974.999999999323,14974.999999999323,0.0
"('2026.02.02 12:12',)",14991.99999999932,14991.99999999932,0.0
"('2026.02.02 12:22',)",14997.99999999932,14997.99999999932,0.0
"('2026.02.02 12:29',)",15039.999999999322,15039.999999999322,0.0
"('2026.02.02 13:06',)",15068.999999999318,15068.999999999318,0.0
"('2026.02.02 14:12',)",15090.999999999338,15090.999999999338,0.0
"('2026.02.02 14:39',)",15096.999999999338,15096.999999999338,0.0
"('2026.02.02 15:02',)",15150.999999999312,15150.999999999312,0.0
"('2026.02.02 17:42',)",15214.999999999305,15214.999999999305,0.0
"('2026.02.02 18:27',)",15248.999999999298,15248.999999999298,0.0
"('2026.02.02 21:16',)",15241.999999999292,15248.999999999298,-0.00045904649485250046
"('2026.02.02 21:34',)",15249.999999999302,15249.999999999302,0.0
"('2026.02.03 02:38',)",15273.999999999302,15273.999999999302,0.0
"('2026.02.03 05:04',)",15271.999999999292,15273.999999999302,-0.00013094146916388545
"('2026.02.03 06:37',)",15280.999999999307,15280.999999999307,0.0
"('2026.02.03 06:47',)",15269.99999999931,15280.999999999307,-0.0007198481774750907
"('2026.02.03 09:07',)",15260.999999999296,15280.999999999307,-0.0013088148681376756
"('2026.02.03 10:06',)",15288.999999999287,15288.999999999287,0.0
"('2026.02.03 10:28',)",15312.999999999287,15312.999999999287,0.0
"('2026.02.03 11:21',)",15304.999999999278,15312.999999999287,-0.0005224319205909664
"('2026.02.03 13:01',)",15321.999999999274,15321.999999999274,0.0
"('2026.02.03 13:15',)",15334.99999999928,15334.99999999928,0.0
"('2026.02.03 15:03',)",15342.999999999261,15342.999999999261,0.0
"('2026.02.03 22:55',)",15372.999999999263,15372.999999999263,0.0
"('2026.02.04 00:18',)",15368.999999999243,15372.999999999263,-0.00026019644831979446
"('2026.02.04 05:35',)",15380.999999999243,15380.999999999243,0.0
"('2026.02.04 06:13',)",15393.999999999249,15393.999999999249,0.0
"('2026.02.04 06:42',)",15389.999999999258,15393.999999999249,-0.0002598414966864428
"('2026.02.04 07:11',)",15411.999999999249,15411.999999999249,0.0
"('2026.02.04 08:12',)",15395.999999999258,15411.999999999249,-0.00103815208928054
"('2026.02.04 09:25',)",15435.999999999278,15435.999999999278,0.0
"('2026.02.04 10:45',)",15444.999999999263,15444.999999999263,0.0
"('2026.02.04 11:44',)",15471.99999999925,15471.99999999925,0.0
"('2026.02.04 12:23',)",15486.999999999265,15486.999999999265,0.0
"('2026.02.04 13:05',)",15507.999999999252,15507.999999999252,0.0
"('2026.02.04 14:09',)",15513.999999999252,15513.999999999252,0.0
"('2026.02.04 16:14',)",15525.999999999252,15525.999999999252,0.0
"('2026.02.04 16:26',)",15494.999999999274,15525.999999999252,-0.0019966507793365753
"('2026.02.04 17:16',)",15506.999999999274,15525.999999999252,-0.0012237537034638082
"('2026.02.04 18:18',)",15513.99999999925,15525.999999999252,-0.000772897075872884
"('2026.02.04 19:11',)",15538.999999999256,15538.999999999256,0.0
"('2026.02.04 19:57',)",15572.999999999276,15572.999999999276,0.0
"('2026.02.04 20:14',)",15593.999999999263,15593.999999999263,0.0
"('2026.02.04 20:58',)",15601.999999999272,15601.999999999272,0.0
"('2026.02.04 23:21',)",15593.999999999263,15601.999999999272,-0.0005127547750294493
"('2026.02.04 23:43',)",15602.999999999249,15602.999999999249,0.0
"('2026.02.04 23:54',)",15595.999999999243,15602.999999999249,-0.0004486316733965131
"('2026.02.05 00:29',)",15600.99999999924,15602.999999999249,-0.00012818047811377243
"('2026.02.05 01:01',)",15613.999999999245,15613.999999999245,0.0
"('2026.02.05 01:44',)",15623.999999999265,15623.999999999265,0.0
"('2026.02.05 02:36',)",15631.999999999247,15631.999999999247,0.0
"('2026.02.05 03:41',)",15646.999999999261,15646.999999999261,0.0
"('2026.02.05 06:41',)",15652.999999999261,15652.999999999261,0.0
"('2026.02.05 06:53',)",15658.999999999261,15658.999999999261,0.0
"('2026.02.05 07:25',)",15666.999999999243,15666.999999999243,0.0
"('2026.02.05 10:06',)",15650.999999999223,15666.999999999243,-0.0010212548669190516
